Geography,Gender,Indicators,Reference period,Percent,Number
Canada,Total,Always,Q3 2021,65.5,"20,430"
Canada,Total,Always,Q4 2021,63.1,"19,775"
Canada,Total,Always,Q1 2022,63.8,"20,161"
Canada,Total,Always,Q2 2022,62.6,"19,831"
Canada,Total,Always,Q3 2022,64.6,"20,548"
Canada,Total,Always,Q4 2022,57.3,"18,311"
Canada,Total,Always,Q2 2023,56.8,"18,295"
Canada,Total,Always,Q1 2024,59.9,"19,841"
Canada,Total,Always,Q2 2024,53,"17,721"
Canada,Total,Always,Q3 2024,57.2,"19,332"
Canada,Total,Always,Q4 2024,56.3,"19,151"
Canada,Total,Always,Q1 2025,57.8,"19,884"
Canada,Total,Always,Q2 2025,55.9,"19,305"
Canada,Total,Sometimes,Q3 2021,27,"8,420"
Canada,Total,Sometimes,Q4 2021,28,"8,781"
Canada,Total,Sometimes,Q1 2022,28.3,"8,925"
Canada,Total,Sometimes,Q2 2022,28.4,"8,987"
Canada,Total,Sometimes,Q3 2022,27.7,"8,821"
Canada,Total,Sometimes,Q4 2022,31.4,"10,043"
Canada,Total,Sometimes,Q2 2023,30.1,"9,696"
Canada,Total,Sometimes,Q1 2024,30.2,"10,016"
Canada,Total,Sometimes,Q2 2024,33.8,"11,288"
Canada,Total,Sometimes,Q3 2024,30.3,"10,232"
Canada,Total,Sometimes,Q4 2024,31.3,"10,643"
Canada,Total,Sometimes,Q1 2025,30.9,"10,616"
Canada,Total,Sometimes,Q2 2025,32.1,"11,078"
Canada,Total,Rarely ,Q3 2021,7.6,"2,357"
Canada,Total,Rarely ,Q4 2021,8.9,"2,778"
Canada,Total,Rarely ,Q1 2022,7.9,"2,504"
Canada,Total,Rarely ,Q2 2022,9,"2,864"
Canada,Total,Rarely ,Q3 2022,7.7,"2,459"
Canada,Total,Rarely ,Q4 2022,11.2,"3,591"
Canada,Total,Rarely ,Q2 2023,13.1,"4,220"
Canada,Total,Rarely ,Q1 2024,9.9,"3,265"
Canada,Total,Rarely ,Q2 2024,13.2,"4,405"
Canada,Total,Rarely ,Q3 2024,12.5,"4,227"
Canada,Total,Rarely ,Q4 2024,12.5,"4,249"
Canada,Total,Rarely ,Q1 2025,11.4,"3,906"
Canada,Total,Rarely ,Q2 2025,12,"4,131"
Canada,Men,Always,Q3 2021,64.6,"9,943"
Canada,Men,Always,Q4 2021,61.7,"9,588"
Canada,Men,Always,Q1 2022,62.8,"9,794"
Canada,Men,Always,Q2 2022,61.7,"9,648"
Canada,Men,Always,Q3 2022,62.8,"9,916"
Canada,Men,Always,Q4 2022,55.7,"8,807"
Canada,Men,Always,Q2 2023,55,"8,788"
Canada,Men,Always,Q1 2024,59.1,"9,715"
Canada,Men,Always,Q2 2024,51.1,"8,517"
Canada,Men,Always,Q3 2024,55.6,"9,354"
Canada,Men,Always,Q4 2024,54.6,"9,269"
Canada,Men,Always,Q1 2025,56.3,"9,644"
Canada,Men,Always,Q2 2025,55.5,"9,536"
Canada,Men,Sometimes,Q3 2021,26.7,"4,112"
Canada,Men,Sometimes,Q4 2021,28.1,"4,363"
Canada,Men,Sometimes,Q1 2022,28.1,"4,384"
Canada,Men,Sometimes,Q2 2022,27.7,"4,330"
Canada,Men,Sometimes,Q3 2022,28,"4,430"
Canada,Men,Sometimes,Q4 2022,31,"4,895"
Canada,Men,Sometimes,Q2 2023,30.3,"4,852"
Canada,Men,Sometimes,Q1 2024,29.9,"4,908"
Canada,Men,Sometimes,Q2 2024,34.2,"5,689"
Canada,Men,Sometimes,Q3 2024,30.4,"5,114"
Canada,Men,Sometimes,Q4 2024,31,"5,266"
Canada,Men,Sometimes,Q1 2025,32,"5,484"
Canada,Men,Sometimes,Q2 2025,30.9,"5,319"
Canada,Men,Rarely ,Q3 2021,8.7,"1,341"
Canada,Men,Rarely ,Q4 2021,10.2,"1,582"
Canada,Men,Rarely ,Q1 2022,9.1,"1,415"
Canada,Men,Rarely ,Q2 2022,10.6,"1,650"
Canada,Men,Rarely ,Q3 2022,9.2,"1,456"
Canada,Men,Rarely ,Q4 2022,13.3,"2,110"
Canada,Men,Rarely ,Q2 2023,14.7,"2,350"
Canada,Men,Rarely ,Q1 2024,11,"1,811"
Canada,Men,Rarely ,Q2 2024,14.7,"2,446"
Canada,Men,Rarely ,Q3 2024,14,"2,360"
Canada,Men,Rarely ,Q4 2024,14.4,"2,436"
Canada,Men,Rarely ,Q1 2025,11.7,"2,011"
Canada,Men,Rarely ,Q2 2025,13.6,"2,332"
Canada,Women,Always,Q3 2021,66.3,"10,487"
Canada,Women,Always,Q4 2021,64.5,"10,187"
Canada,Women,Always,Q1 2022,64.8,"10,368"
Canada,Women,Always,Q2 2022,63.4,"10,182"
Canada,Women,Always,Q3 2022,66.3,"10,633"
Canada,Women,Always,Q4 2022,58.9,"9,504"
Canada,Women,Always,Q2 2023,58.6,"9,507"
Canada,Women,Always,Q1 2024,60.7,"10,126"
Canada,Women,Always,Q2 2024,54.9,"9,204"
Canada,Women,Always,Q3 2024,58.8,"9,978"
Canada,Women,Always,Q4 2024,57.9,"9,882"
Canada,Women,Always,Q1 2025,59.3,"10,240"
Canada,Women,Always,Q2 2025,56.4,"9,769"
Canada,Women,Sometimes,Q3 2021,27.3,"4,309"
Canada,Women,Sometimes,Q4 2021,28,"4,418"
Canada,Women,Sometimes,Q1 2022,28.4,"4,540"
Canada,Women,Sometimes,Q2 2022,29,"4,656"
Canada,Women,Sometimes,Q3 2022,27.4,"4,392"
Canada,Women,Sometimes,Q4 2022,31.9,"5,148"
Canada,Women,Sometimes,Q2 2023,29.9,"4,844"
Canada,Women,Sometimes,Q1 2024,30.6,"5,108"
Canada,Women,Sometimes,Q2 2024,33.4,"5,599"
Canada,Women,Sometimes,Q3 2024,30.2,"5,118"
Canada,Women,Sometimes,Q4 2024,31.5,"5,377"
Canada,Women,Sometimes,Q1 2025,29.7,"5,132"
Canada,Women,Sometimes,Q2 2025,33.2,"5,759"
Canada,Women,Rarely ,Q3 2021,6.4,"1,016"
Canada,Women,Rarely ,Q4 2021,7.6,"1,196"
Canada,Women,Rarely ,Q1 2022,6.8,"1,089"
Canada,Women,Rarely ,Q2 2022,7.6,"1,215"
Canada,Women,Rarely ,Q3 2022,6.3,"1,003"
Canada,Women,Rarely ,Q4 2022,9.2,"1,482"
Canada,Women,Rarely ,Q2 2023,11.5,"1,870"
Canada,Women,Rarely ,Q1 2024,8.7,"1,453"
Canada,Women,Rarely ,Q2 2024,11.7,"1,959"
Canada,Women,Rarely ,Q3 2024,11,"1,867"
Canada,Women,Rarely ,Q4 2024,10.6,"1,813"
Canada,Women,Rarely ,Q1 2025,11,"1,896"
Canada,Women,Rarely ,Q2 2025,10.4,"1,799"
Newfoundland_Labrador,Total,Always,Q3 2021,64.1,285
Newfoundland_Labrador,Total,Always,Q4 2021,61.1,269
Newfoundland_Labrador,Total,Always,Q1 2022,62,277
Newfoundland_Labrador,Total,Always,Q2 2022,61.3,274
Newfoundland_Labrador,Total,Always,Q3 2022,61.6,276
Newfoundland_Labrador,Total,Always,Q4 2022,57.9,260
Newfoundland_Labrador,Total,Always,Q2 2023,53.1,238
Newfoundland_Labrador,Total,Always,Q1 2024,56.9,261
Newfoundland_Labrador,Total,Always,Q2 2024,51.7,238
Newfoundland_Labrador,Total,Always,Q3 2024,49.3,227
Newfoundland_Labrador,Total,Always,Q4 2024,52.4,243
Newfoundland_Labrador,Total,Always,Q1 2025,55.1,259
Newfoundland_Labrador,Total,Always,Q2 2025,54.7,258
Newfoundland_Labrador,Total,Sometimes,Q3 2021,30.6,136
Newfoundland_Labrador,Total,Sometimes,Q4 2021,29.7,131
Newfoundland_Labrador,Total,Sometimes,Q1 2022,28.1,126
Newfoundland_Labrador,Total,Sometimes,Q2 2022,30,134
Newfoundland_Labrador,Total,Sometimes,Q3 2022,26.9,121
Newfoundland_Labrador,Total,Sometimes,Q4 2022,30.3,136
Newfoundland_Labrador,Total,Sometimes,Q2 2023,34.3,154
Newfoundland_Labrador,Total,Sometimes,Q1 2024,34.9,160
Newfoundland_Labrador,Total,Sometimes,Q2 2024,34.4,159
Newfoundland_Labrador,Total,Sometimes,Q3 2024,38.5,178
Newfoundland_Labrador,Total,Sometimes,Q4 2024,33.8,157
Newfoundland_Labrador,Total,Sometimes,Q1 2025,32.4,152
Newfoundland_Labrador,Total,Sometimes,Q2 2025,34.5,163
Newfoundland_Labrador,Total,Rarely ,Q3 2021,5.3,F
Newfoundland_Labrador,Total,Rarely ,Q4 2021,9.3,F
Newfoundland_Labrador,Total,Rarely ,Q1 2022,9.9,F
Newfoundland_Labrador,Total,Rarely ,Q2 2022,8.7,F
Newfoundland_Labrador,Total,Rarely ,Q3 2022,11.5,F
Newfoundland_Labrador,Total,Rarely ,Q4 2022,11.8,F
Newfoundland_Labrador,Total,Rarely ,Q2 2023,12.7,57
Newfoundland_Labrador,Total,Rarely ,Q1 2024,8.3,F
Newfoundland_Labrador,Total,Rarely ,Q2 2024,13.9,64
Newfoundland_Labrador,Total,Rarely ,Q3 2024,12.1,F
Newfoundland_Labrador,Total,Rarely ,Q4 2024,13.8,F
Newfoundland_Labrador,Total,Rarely ,Q1 2025,12.5,F
Newfoundland_Labrador,Total,Rarely ,Q2 2025,10.8,F
Newfoundland_Labrador,Men,Always,Q3 2021,64,138
Newfoundland_Labrador,Men,Always,Q4 2021,58.4,128
Newfoundland_Labrador,Men,Always,Q1 2022,60,132
Newfoundland_Labrador,Men,Always,Q2 2022,62.3,137
Newfoundland_Labrador,Men,Always,Q3 2022,53.6,119
Newfoundland_Labrador,Men,Always,Q4 2022,54.9,121
Newfoundland_Labrador,Men,Always,Q2 2023,49.9,111
Newfoundland_Labrador,Men,Always,Q1 2024,56.9,129
Newfoundland_Labrador,Men,Always,Q2 2024,56.2,129
Newfoundland_Labrador,Men,Always,Q3 2024,47.5,109
Newfoundland_Labrador,Men,Always,Q4 2024,52.2,119
Newfoundland_Labrador,Men,Always,Q1 2025,59.4,137
Newfoundland_Labrador,Men,Always,Q2 2025,49.9,116
Newfoundland_Labrador,Men,Sometimes,Q3 2021,28.8,F
Newfoundland_Labrador,Men,Sometimes,Q4 2021,28.9,F
Newfoundland_Labrador,Men,Sometimes,Q1 2022,25.5,56
Newfoundland_Labrador,Men,Sometimes,Q2 2022,27.6,61
Newfoundland_Labrador,Men,Sometimes,Q3 2022,31.1,F
Newfoundland_Labrador,Men,Sometimes,Q4 2022,31.3,F
Newfoundland_Labrador,Men,Sometimes,Q2 2023,37.4,83
Newfoundland_Labrador,Men,Sometimes,Q1 2024,33,75
Newfoundland_Labrador,Men,Sometimes,Q2 2024,30.5,70
Newfoundland_Labrador,Men,Sometimes,Q3 2024,39.2,90
Newfoundland_Labrador,Men,Sometimes,Q4 2024,29.6,F
Newfoundland_Labrador,Men,Sometimes,Q1 2025,28.3,65
Newfoundland_Labrador,Men,Sometimes,Q2 2025,38.4,89
Newfoundland_Labrador,Men,Rarely ,Q3 2021,7.1,F
Newfoundland_Labrador,Men,Rarely ,Q4 2021,12.6,F
Newfoundland_Labrador,Men,Rarely ,Q1 2022,14.6,F
Newfoundland_Labrador,Men,Rarely ,Q2 2022,10.1,F
Newfoundland_Labrador,Men,Rarely ,Q3 2022,15.3,F
Newfoundland_Labrador,Men,Rarely ,Q4 2022,13.8,F
Newfoundland_Labrador,Men,Rarely ,Q2 2023,12.7,F
Newfoundland_Labrador,Men,Rarely ,Q1 2024,10,F
Newfoundland_Labrador,Men,Rarely ,Q2 2024,13.3,F
Newfoundland_Labrador,Men,Rarely ,Q3 2024,13.3,F
Newfoundland_Labrador,Men,Rarely ,Q4 2024,18.2,F
Newfoundland_Labrador,Men,Rarely ,Q1 2025,12.3,F
Newfoundland_Labrador,Men,Rarely ,Q2 2025,11.8,F
Newfoundland_Labrador,Women,Always,Q3 2021,64.2,147
Newfoundland_Labrador,Women,Always,Q4 2021,63.7,141
Newfoundland_Labrador,Women,Always,Q1 2022,63.9,146
Newfoundland_Labrador,Women,Always,Q2 2022,60.4,138
Newfoundland_Labrador,Women,Always,Q3 2022,69.3,157
Newfoundland_Labrador,Women,Always,Q4 2022,60.9,139
Newfoundland_Labrador,Women,Always,Q2 2023,56.1,127
Newfoundland_Labrador,Women,Always,Q1 2024,56.8,132
Newfoundland_Labrador,Women,Always,Q2 2024,47.2,109
Newfoundland_Labrador,Women,Always,Q3 2024,51.1,118
Newfoundland_Labrador,Women,Always,Q4 2024,52.7,124
Newfoundland_Labrador,Women,Always,Q1 2025,50.9,122
Newfoundland_Labrador,Women,Always,Q2 2025,59.3,142
Newfoundland_Labrador,Women,Sometimes,Q3 2021,32.3,74
Newfoundland_Labrador,Women,Sometimes,Q4 2021,30.4,67
Newfoundland_Labrador,Women,Sometimes,Q1 2022,30.6,70
Newfoundland_Labrador,Women,Sometimes,Q2 2022,32.3,74
Newfoundland_Labrador,Women,Sometimes,Q3 2022,22.8,52
Newfoundland_Labrador,Women,Sometimes,Q4 2022,29.3,67
Newfoundland_Labrador,Women,Sometimes,Q2 2023,31.2,71
Newfoundland_Labrador,Women,Sometimes,Q1 2024,36.6,85
Newfoundland_Labrador,Women,Sometimes,Q2 2024,38.3,89
Newfoundland_Labrador,Women,Sometimes,Q3 2024,37.9,88
Newfoundland_Labrador,Women,Sometimes,Q4 2024,37.8,89
Newfoundland_Labrador,Women,Sometimes,Q1 2025,36.4,87
Newfoundland_Labrador,Women,Sometimes,Q2 2025,30.8,74
Newfoundland_Labrador,Women,Rarely ,Q3 2021,3.5,F
Newfoundland_Labrador,Women,Rarely ,Q4 2021,5.9,F
Newfoundland_Labrador,Women,Rarely ,Q1 2022,5.5,F
Newfoundland_Labrador,Women,Rarely ,Q2 2022,7.3,F
Newfoundland_Labrador,Women,Rarely ,Q3 2022,7.9,F
Newfoundland_Labrador,Women,Rarely ,Q4 2022,9.8,F
Newfoundland_Labrador,Women,Rarely ,Q2 2023,12.6,F
Newfoundland_Labrador,Women,Rarely ,Q1 2024,6.6,F
Newfoundland_Labrador,Women,Rarely ,Q2 2024,14.5,F
Newfoundland_Labrador,Women,Rarely ,Q3 2024,10.9,F
Newfoundland_Labrador,Women,Rarely ,Q4 2024,9.5,F
Newfoundland_Labrador,Women,Rarely ,Q1 2025,12.7,F
Newfoundland_Labrador,Women,Rarely ,Q2 2025,9.9,F
Prince_Edward,Total,Always,Q3 2021,66.6,90
Prince_Edward,Total,Always,Q4 2021,65.5,89
Prince_Edward,Total,Always,Q1 2022,65.1,89
Prince_Edward,Total,Always,Q2 2022,65.9,91
Prince_Edward,Total,Always,Q3 2022,72.7,102
Prince_Edward,Total,Always,Q4 2022,64.9,91
Prince_Edward,Total,Always,Q2 2023,58.5,84
Prince_Edward,Total,Always,Q1 2024,59.4,88
Prince_Edward,Total,Always,Q2 2024,56.9,85
Prince_Edward,Total,Always,Q3 2024,58.5,88
Prince_Edward,Total,Always,Q4 2024,59.7,91
Prince_Edward,Total,Always,Q1 2025,50.2,77
Prince_Edward,Total,Always,Q2 2025,61.2,93
Prince_Edward,Total,Sometimes,Q3 2021,26.2,35
Prince_Edward,Total,Sometimes,Q4 2021,25.7,35
Prince_Edward,Total,Sometimes,Q1 2022,26.9,37
Prince_Edward,Total,Sometimes,Q2 2022,25.4,35
Prince_Edward,Total,Sometimes,Q3 2022,20,28
Prince_Edward,Total,Sometimes,Q4 2022,29.1,41
Prince_Edward,Total,Sometimes,Q2 2023,30.3,43
Prince_Edward,Total,Sometimes,Q1 2024,31.3,46
Prince_Edward,Total,Sometimes,Q2 2024,28.1,42
Prince_Edward,Total,Sometimes,Q3 2024,28.5,43
Prince_Edward,Total,Sometimes,Q4 2024,31.2,47
Prince_Edward,Total,Sometimes,Q1 2025,37.5,57
Prince_Edward,Total,Sometimes,Q2 2025,28.2,43
Prince_Edward,Total,Rarely ,Q3 2021,7.1,F
Prince_Edward,Total,Rarely ,Q4 2021,8.7,F
Prince_Edward,Total,Rarely ,Q1 2022,8,F
Prince_Edward,Total,Rarely ,Q2 2022,8.7,F
Prince_Edward,Total,Rarely ,Q3 2022,7.3,F
Prince_Edward,Total,Rarely ,Q4 2022,6.1,F
Prince_Edward,Total,Rarely ,Q2 2023,11.2,F
Prince_Edward,Total,Rarely ,Q1 2024,9.3,14
Prince_Edward,Total,Rarely ,Q2 2024,15,22
Prince_Edward,Total,Rarely ,Q3 2024,13,F
Prince_Edward,Total,Rarely ,Q4 2024,9.1,F
Prince_Edward,Total,Rarely ,Q1 2025,12.3,F
Prince_Edward,Total,Rarely ,Q2 2025,10.7,F
Prince_Edward,Men,Always,Q3 2021,66.2,44
Prince_Edward,Men,Always,Q4 2021,57,37
Prince_Edward,Men,Always,Q1 2022,63.1,42
Prince_Edward,Men,Always,Q2 2022,64.6,44
Prince_Edward,Men,Always,Q3 2022,70.1,48
Prince_Edward,Men,Always,Q4 2022,63.4,45
Prince_Edward,Men,Always,Q2 2023,60.2,42
Prince_Edward,Men,Always,Q1 2024,55.6,41
Prince_Edward,Men,Always,Q2 2024,59.8,45
Prince_Edward,Men,Always,Q3 2024,57.7,44
Prince_Edward,Men,Always,Q4 2024,62.8,48
Prince_Edward,Men,Always,Q1 2025,44.3,33
Prince_Edward,Men,Always,Q2 2025,53.5,40
Prince_Edward,Men,Sometimes,Q3 2021,27.2,F
Prince_Edward,Men,Sometimes,Q4 2021,31.8,21
Prince_Edward,Men,Sometimes,Q1 2022,27.4,18
Prince_Edward,Men,Sometimes,Q2 2022,25.6,17
Prince_Edward,Men,Sometimes,Q3 2022,22.1,F
Prince_Edward,Men,Sometimes,Q4 2022,28.6,20
Prince_Edward,Men,Sometimes,Q2 2023,29.4,F
Prince_Edward,Men,Sometimes,Q1 2024,34.4,25
Prince_Edward,Men,Sometimes,Q2 2024,24,18
Prince_Edward,Men,Sometimes,Q3 2024,28.5,22
Prince_Edward,Men,Sometimes,Q4 2024,28,F
Prince_Edward,Men,Sometimes,Q1 2025,37.7,28
Prince_Edward,Men,Sometimes,Q2 2025,30.9,23
Prince_Edward,Men,Rarely ,Q3 2021,6.6,F
Prince_Edward,Men,Rarely ,Q4 2021,11.2,F
Prince_Edward,Men,Rarely ,Q1 2022,9.5,F
Prince_Edward,Men,Rarely ,Q2 2022,9.9,F
Prince_Edward,Men,Rarely ,Q3 2022,7.8,F
Prince_Edward,Men,Rarely ,Q4 2022,8,F
Prince_Edward,Men,Rarely ,Q2 2023,10.4,F
Prince_Edward,Men,Rarely ,Q1 2024,10,F
Prince_Edward,Men,Rarely ,Q2 2024,16.1,F
Prince_Edward,Men,Rarely ,Q3 2024,13.7,F
Prince_Edward,Men,Rarely ,Q4 2024,9.1,F
Prince_Edward,Men,Rarely ,Q1 2025,18,F
Prince_Edward,Men,Rarely ,Q2 2025,15.6,F
Prince_Edward,Women,Always,Q3 2021,67,46
Prince_Edward,Women,Always,Q4 2021,73.4,52
Prince_Edward,Women,Always,Q1 2022,67.1,47
Prince_Edward,Women,Always,Q2 2022,67.3,47
Prince_Edward,Women,Always,Q3 2022,75.1,54
Prince_Edward,Women,Always,Q4 2022,66.4,47
Prince_Edward,Women,Always,Q2 2023,56.9,42
Prince_Edward,Women,Always,Q1 2024,63.1,47
Prince_Edward,Women,Always,Q2 2024,53.9,40
Prince_Edward,Women,Always,Q3 2024,59.2,45
Prince_Edward,Women,Always,Q4 2024,56.6,43
Prince_Edward,Women,Always,Q1 2025,55.8,44
Prince_Edward,Women,Always,Q2 2025,68.4,54
Prince_Edward,Women,Sometimes,Q3 2021,25.3,17
Prince_Edward,Women,Sometimes,Q4 2021,20.1,14
Prince_Edward,Women,Sometimes,Q1 2022,26.3,18
Prince_Edward,Women,Sometimes,Q2 2022,25.3,18
Prince_Edward,Women,Sometimes,Q3 2022,18,F
Prince_Edward,Women,Sometimes,Q4 2022,29.6,21
Prince_Edward,Women,Sometimes,Q2 2023,31.2,23
Prince_Edward,Women,Sometimes,Q1 2024,28.3,21
Prince_Edward,Women,Sometimes,Q2 2024,32.3,24
Prince_Edward,Women,Sometimes,Q3 2024,28.4,21
Prince_Edward,Women,Sometimes,Q4 2024,34.3,26
Prince_Edward,Women,Sometimes,Q1 2025,37.4,29
Prince_Edward,Women,Sometimes,Q2 2025,25.6,20
Prince_Edward,Women,Rarely ,Q3 2021,7.6,F
Prince_Edward,Women,Rarely ,Q4 2021,6.5,F
Prince_Edward,Women,Rarely ,Q1 2022,6.6,F
Prince_Edward,Women,Rarely ,Q2 2022,7.5,F
Prince_Edward,Women,Rarely ,Q3 2022,6.8,F
Prince_Edward,Women,Rarely ,Q4 2022,4.1,F
Prince_Edward,Women,Rarely ,Q2 2023,12,F
Prince_Edward,Women,Rarely ,Q1 2024,8.6,F
Prince_Edward,Women,Rarely ,Q2 2024,13.8,F
Prince_Edward,Women,Rarely ,Q3 2024,12.4,F
Prince_Edward,Women,Rarely ,Q4 2024,9.1,F
Prince_Edward,Women,Rarely ,Q1 2025,6.8,F
Prince_Edward,Women,Rarely ,Q2 2025,6,F
NovaScotia,Total,Always,Q3 2021,67.3,557
NovaScotia,Total,Always,Q4 2021,59.1,491
NovaScotia,Total,Always,Q1 2022,59.8,501
NovaScotia,Total,Always,Q2 2022,59,494
NovaScotia,Total,Always,Q3 2022,62.7,533
NovaScotia,Total,Always,Q4 2022,52.5,448
NovaScotia,Total,Always,Q2 2023,57,493
NovaScotia,Total,Always,Q1 2024,55.7,493
NovaScotia,Total,Always,Q2 2024,44.9,400
NovaScotia,Total,Always,Q3 2024,53.7,482
NovaScotia,Total,Always,Q4 2024,52.4,473
NovaScotia,Total,Always,Q1 2025,55.5,508
NovaScotia,Total,Always,Q2 2025,53.5,490
NovaScotia,Total,Sometimes,Q3 2021,25.1,208
NovaScotia,Total,Sometimes,Q4 2021,26.7,222
NovaScotia,Total,Sometimes,Q1 2022,34.5,289
NovaScotia,Total,Sometimes,Q2 2022,29,244
NovaScotia,Total,Sometimes,Q3 2022,27.9,237
NovaScotia,Total,Sometimes,Q4 2022,33.5,286
NovaScotia,Total,Sometimes,Q2 2023,31,268
NovaScotia,Total,Sometimes,Q1 2024,29.3,259
NovaScotia,Total,Sometimes,Q2 2024,40.9,365
NovaScotia,Total,Sometimes,Q3 2024,29.1,261
NovaScotia,Total,Sometimes,Q4 2024,36.7,332
NovaScotia,Total,Sometimes,Q1 2025,34.6,317
NovaScotia,Total,Sometimes,Q2 2025,31.3,287
NovaScotia,Total,Rarely ,Q3 2021,7.6,F
NovaScotia,Total,Rarely ,Q4 2021,14.2,118
NovaScotia,Total,Rarely ,Q1 2022,5.7,F
NovaScotia,Total,Rarely ,Q2 2022,12,F
NovaScotia,Total,Rarely ,Q3 2022,9.4,F
NovaScotia,Total,Rarely ,Q4 2022,14,120
NovaScotia,Total,Rarely ,Q2 2023,12,104
NovaScotia,Total,Rarely ,Q1 2024,15.1,134
NovaScotia,Total,Rarely ,Q2 2024,14.2,127
NovaScotia,Total,Rarely ,Q3 2024,17.1,154
NovaScotia,Total,Rarely ,Q4 2024,10.9,F
NovaScotia,Total,Rarely ,Q1 2025,9.8,F
NovaScotia,Total,Rarely ,Q2 2025,15.1,139
NovaScotia,Men,Always,Q3 2021,63.1,253
NovaScotia,Men,Always,Q4 2021,57.7,237
NovaScotia,Men,Always,Q1 2022,57.4,231
NovaScotia,Men,Always,Q2 2022,51.3,210
NovaScotia,Men,Always,Q3 2022,60.5,251
NovaScotia,Men,Always,Q4 2022,54.3,228
NovaScotia,Men,Always,Q2 2023,55.5,231
NovaScotia,Men,Always,Q1 2024,52.6,230
NovaScotia,Men,Always,Q2 2024,42,183
NovaScotia,Men,Always,Q3 2024,53.4,234
NovaScotia,Men,Always,Q4 2024,51.3,227
NovaScotia,Men,Always,Q1 2025,51.7,233
NovaScotia,Men,Always,Q2 2025,56.7,257
NovaScotia,Men,Sometimes,Q3 2021,28.1,113
NovaScotia,Men,Sometimes,Q4 2021,27.9,115
NovaScotia,Men,Sometimes,Q1 2022,35.2,142
NovaScotia,Men,Sometimes,Q2 2022,33.1,136
NovaScotia,Men,Sometimes,Q3 2022,28,116
NovaScotia,Men,Sometimes,Q4 2022,32.9,138
NovaScotia,Men,Sometimes,Q2 2023,30.3,126
NovaScotia,Men,Sometimes,Q1 2024,29.3,128
NovaScotia,Men,Sometimes,Q2 2024,36.7,159
NovaScotia,Men,Sometimes,Q3 2024,28.9,127
NovaScotia,Men,Sometimes,Q4 2024,35.1,156
NovaScotia,Men,Sometimes,Q1 2025,36.5,164
NovaScotia,Men,Sometimes,Q2 2025,30,136
NovaScotia,Men,Rarely ,Q3 2021,8.8,F
NovaScotia,Men,Rarely ,Q4 2021,14.4,F
NovaScotia,Men,Rarely ,Q1 2022,7.4,F
NovaScotia,Men,Rarely ,Q2 2022,15.6,F
NovaScotia,Men,Rarely ,Q3 2022,11.4,F
NovaScotia,Men,Rarely ,Q4 2022,12.8,F
NovaScotia,Men,Rarely ,Q2 2023,14.2,F
NovaScotia,Men,Rarely ,Q1 2024,18,F
NovaScotia,Men,Rarely ,Q2 2024,21.3,F
NovaScotia,Men,Rarely ,Q3 2024,17.7,F
NovaScotia,Men,Rarely ,Q4 2024,13.7,F
NovaScotia,Men,Rarely ,Q1 2025,11.8,F
NovaScotia,Men,Rarely ,Q2 2025,13.4,F
NovaScotia,Women,Always,Q3 2021,71.3,304
NovaScotia,Women,Always,Q4 2021,60.4,254
NovaScotia,Women,Always,Q1 2022,62,270
NovaScotia,Women,Always,Q2 2022,66.3,284
NovaScotia,Women,Always,Q3 2022,64.7,282
NovaScotia,Women,Always,Q4 2022,50.7,219
NovaScotia,Women,Always,Q2 2023,58.4,261
NovaScotia,Women,Always,Q1 2024,58.6,263
NovaScotia,Women,Always,Q2 2024,47.6,217
NovaScotia,Women,Always,Q3 2024,54,248
NovaScotia,Women,Always,Q4 2024,53.4,245
NovaScotia,Women,Always,Q1 2025,59.2,275
NovaScotia,Women,Always,Q2 2025,50.4,233
NovaScotia,Women,Sometimes,Q3 2021,22.3,95
NovaScotia,Women,Sometimes,Q4 2021,25.6,108
NovaScotia,Women,Sometimes,Q1 2022,33.8,147
NovaScotia,Women,Sometimes,Q2 2022,25.2,108
NovaScotia,Women,Sometimes,Q3 2022,27.8,121
NovaScotia,Women,Sometimes,Q4 2022,34.1,148
NovaScotia,Women,Sometimes,Q2 2023,31.7,142
NovaScotia,Women,Sometimes,Q1 2024,29.2,131
NovaScotia,Women,Sometimes,Q2 2024,45,205
NovaScotia,Women,Sometimes,Q3 2024,29.4,135
NovaScotia,Women,Sometimes,Q4 2024,38.4,176
NovaScotia,Women,Sometimes,Q1 2025,32.8,153
NovaScotia,Women,Sometimes,Q2 2025,32.7,152
NovaScotia,Women,Rarely ,Q3 2021,6.5,F
NovaScotia,Women,Rarely ,Q4 2021,14,F
NovaScotia,Women,Rarely ,Q1 2022,4.2,F
NovaScotia,Women,Rarely ,Q2 2022,8.6,F
NovaScotia,Women,Rarely ,Q3 2022,7.5,F
NovaScotia,Women,Rarely ,Q4 2022,15.2,F
NovaScotia,Women,Rarely ,Q2 2023,10,F
NovaScotia,Women,Rarely ,Q1 2024,12.2,F
NovaScotia,Women,Rarely ,Q2 2024,7.5,F
NovaScotia,Women,Rarely ,Q3 2024,16.6,F
NovaScotia,Women,Rarely ,Q4 2024,8.2,F
NovaScotia,Women,Rarely ,Q1 2025,8,F
NovaScotia,Women,Rarely ,Q2 2025,16.9,F
New_Brunswick,Total,Always,Q3 2021,65.4,429
New_Brunswick,Total,Always,Q4 2021,63,412
New_Brunswick,Total,Always,Q1 2022,62.4,410
New_Brunswick,Total,Always,Q2 2022,59.9,398
New_Brunswick,Total,Always,Q3 2022,68,456
New_Brunswick,Total,Always,Q4 2022,57.5,389
New_Brunswick,Total,Always,Q2 2023,52.6,359
New_Brunswick,Total,Always,Q1 2024,58,406
New_Brunswick,Total,Always,Q2 2024,54.8,385
New_Brunswick,Total,Always,Q3 2024,59.3,423
New_Brunswick,Total,Always,Q4 2024,52.7,378
New_Brunswick,Total,Always,Q1 2025,56.2,403
New_Brunswick,Total,Always,Q2 2025,58.8,425
New_Brunswick,Total,Sometimes,Q3 2021,26,171
New_Brunswick,Total,Sometimes,Q4 2021,26.6,174
New_Brunswick,Total,Sometimes,Q1 2022,30.6,201
New_Brunswick,Total,Sometimes,Q2 2022,29.2,194
New_Brunswick,Total,Sometimes,Q3 2022,24,161
New_Brunswick,Total,Sometimes,Q4 2022,29.2,197
New_Brunswick,Total,Sometimes,Q2 2023,36.2,247
New_Brunswick,Total,Sometimes,Q1 2024,29.5,207
New_Brunswick,Total,Sometimes,Q2 2024,30.5,215
New_Brunswick,Total,Sometimes,Q3 2024,30.5,218
New_Brunswick,Total,Sometimes,Q4 2024,32.3,232
New_Brunswick,Total,Sometimes,Q1 2025,32,230
New_Brunswick,Total,Sometimes,Q2 2025,28.7,208
New_Brunswick,Total,Rarely ,Q3 2021,8.5,F
New_Brunswick,Total,Rarely ,Q4 2021,10.4,F
New_Brunswick,Total,Rarely ,Q1 2022,7,F
New_Brunswick,Total,Rarely ,Q2 2022,10.9,73
New_Brunswick,Total,Rarely ,Q3 2022,8,F
New_Brunswick,Total,Rarely ,Q4 2022,13.3,F
New_Brunswick,Total,Rarely ,Q2 2023,11.3,F
New_Brunswick,Total,Rarely ,Q1 2024,12.5,88
New_Brunswick,Total,Rarely ,Q2 2024,14.7,103
New_Brunswick,Total,Rarely ,Q3 2024,10.2,F
New_Brunswick,Total,Rarely ,Q4 2024,15,107
New_Brunswick,Total,Rarely ,Q1 2025,11.8,F
New_Brunswick,Total,Rarely ,Q2 2025,12.4,90
New_Brunswick,Men,Always,Q3 2021,63.8,206
New_Brunswick,Men,Always,Q4 2021,61.9,200
New_Brunswick,Men,Always,Q1 2022,61.7,198
New_Brunswick,Men,Always,Q2 2022,58,192
New_Brunswick,Men,Always,Q3 2022,66.4,220
New_Brunswick,Men,Always,Q4 2022,55,183
New_Brunswick,Men,Always,Q2 2023,54.6,184
New_Brunswick,Men,Always,Q1 2024,56.3,197
New_Brunswick,Men,Always,Q2 2024,50.6,178
New_Brunswick,Men,Always,Q3 2024,58,204
New_Brunswick,Men,Always,Q4 2024,51.2,183
New_Brunswick,Men,Always,Q1 2025,53.1,189
New_Brunswick,Men,Always,Q2 2025,54.1,193
New_Brunswick,Men,Sometimes,Q3 2021,28.2,91
New_Brunswick,Men,Sometimes,Q4 2021,26.9,87
New_Brunswick,Men,Sometimes,Q1 2022,32.4,104
New_Brunswick,Men,Sometimes,Q2 2022,26.6,88
New_Brunswick,Men,Sometimes,Q3 2022,23.5,78
New_Brunswick,Men,Sometimes,Q4 2022,29,97
New_Brunswick,Men,Sometimes,Q2 2023,33.8,114
New_Brunswick,Men,Sometimes,Q1 2024,31,109
New_Brunswick,Men,Sometimes,Q2 2024,31.8,112
New_Brunswick,Men,Sometimes,Q3 2024,31.8,112
New_Brunswick,Men,Sometimes,Q4 2024,31.1,111
New_Brunswick,Men,Sometimes,Q1 2025,35.4,126
New_Brunswick,Men,Sometimes,Q2 2025,26.6,95
New_Brunswick,Men,Rarely ,Q3 2021,8,F
New_Brunswick,Men,Rarely ,Q4 2021,11.2,F
New_Brunswick,Men,Rarely ,Q1 2022,5.9,F
New_Brunswick,Men,Rarely ,Q2 2022,15.4,F
New_Brunswick,Men,Rarely ,Q3 2022,10.1,F
New_Brunswick,Men,Rarely ,Q4 2022,16.1,F
New_Brunswick,Men,Rarely ,Q2 2023,11.7,F
New_Brunswick,Men,Rarely ,Q1 2024,12.7,F
New_Brunswick,Men,Rarely ,Q2 2024,17.6,F
New_Brunswick,Men,Rarely ,Q3 2024,10.1,F
New_Brunswick,Men,Rarely ,Q4 2024,17.6,F
New_Brunswick,Men,Rarely ,Q1 2025,11.5,F
New_Brunswick,Men,Rarely ,Q2 2025,19.3,F
New_Brunswick,Women,Always,Q3 2021,67,223
New_Brunswick,Women,Always,Q4 2021,64.1,211
New_Brunswick,Women,Always,Q1 2022,63.1,212
New_Brunswick,Women,Always,Q2 2022,61.8,205
New_Brunswick,Women,Always,Q3 2022,69.6,236
New_Brunswick,Women,Always,Q4 2022,60.1,205
New_Brunswick,Women,Always,Q2 2023,50.6,175
New_Brunswick,Women,Always,Q1 2024,59.6,209
New_Brunswick,Women,Always,Q2 2024,59,208
New_Brunswick,Women,Always,Q3 2024,60.5,219
New_Brunswick,Women,Always,Q4 2024,54.1,195
New_Brunswick,Women,Always,Q1 2025,59.1,215
New_Brunswick,Women,Always,Q2 2025,63.4,232
New_Brunswick,Women,Sometimes,Q3 2021,23.9,80
New_Brunswick,Women,Sometimes,Q4 2021,26.4,87
New_Brunswick,Women,Sometimes,Q1 2022,28.8,97
New_Brunswick,Women,Sometimes,Q2 2022,31.7,105
New_Brunswick,Women,Sometimes,Q3 2022,24.5,83
New_Brunswick,Women,Sometimes,Q4 2022,29.4,101
New_Brunswick,Women,Sometimes,Q2 2023,38.5,133
New_Brunswick,Women,Sometimes,Q1 2024,28,98
New_Brunswick,Women,Sometimes,Q2 2024,29.3,103
New_Brunswick,Women,Sometimes,Q3 2024,29.3,106
New_Brunswick,Women,Sometimes,Q4 2024,33.5,121
New_Brunswick,Women,Sometimes,Q1 2025,28.8,104
New_Brunswick,Women,Sometimes,Q2 2025,30.8,112
New_Brunswick,Women,Rarely ,Q3 2021,9.1,F
New_Brunswick,Women,Rarely ,Q4 2021,9.6,F
New_Brunswick,Women,Rarely ,Q1 2022,8.1,F
New_Brunswick,Women,Rarely ,Q2 2022,6.4,F
New_Brunswick,Women,Rarely ,Q3 2022,5.9,F
New_Brunswick,Women,Rarely ,Q4 2022,10.5,F
New_Brunswick,Women,Rarely ,Q2 2023,10.9,F
New_Brunswick,Women,Rarely ,Q1 2024,12.4,F
New_Brunswick,Women,Rarely ,Q2 2024,11.7,F
New_Brunswick,Women,Rarely ,Q3 2024,10.2,F
New_Brunswick,Women,Rarely ,Q4 2024,12.4,F
New_Brunswick,Women,Rarely ,Q1 2025,12.1,F
New_Brunswick,Women,Rarely ,Q2 2025,5.8,F
Quebec,Total,Always,Q3 2021,71.2,"5,037"
Quebec,Total,Always,Q4 2021,69.5,"4,913"
Quebec,Total,Always,Q1 2022,70.2,"5,004"
Quebec,Total,Always,Q2 2022,70.2,"5,016"
Quebec,Total,Always,Q3 2022,72.5,"5,188"
Quebec,Total,Always,Q4 2022,66,"4,742"
Quebec,Total,Always,Q2 2023,66.1,"4,764"
Quebec,Total,Always,Q1 2024,66.5,"4,890"
Quebec,Total,Always,Q2 2024,62,"4,580"
Quebec,Total,Always,Q3 2024,63.8,"4,762"
Quebec,Total,Always,Q4 2024,63.9,"4,785"
Quebec,Total,Always,Q1 2025,66.6,"5,023"
Quebec,Total,Always,Q2 2025,63.4,"4,801"
Quebec,Total,Sometimes,Q3 2021,23.3,"1,646"
Quebec,Total,Sometimes,Q4 2021,23.9,"1,692"
Quebec,Total,Sometimes,Q1 2022,22.4,"1,594"
Quebec,Total,Sometimes,Q2 2022,23.8,"1,702"
Quebec,Total,Sometimes,Q3 2022,22.2,"1,588"
Quebec,Total,Sometimes,Q4 2022,26.4,"1,893"
Quebec,Total,Sometimes,Q2 2023,24.4,"1,757"
Quebec,Total,Sometimes,Q1 2024,26,"1,909"
Quebec,Total,Sometimes,Q2 2024,28.7,"2,120"
Quebec,Total,Sometimes,Q3 2024,27.4,"2,045"
Quebec,Total,Sometimes,Q4 2024,27.1,"2,031"
Quebec,Total,Sometimes,Q1 2025,25.9,"1,957"
Quebec,Total,Sometimes,Q2 2025,28.2,"2,137"
Quebec,Total,Rarely ,Q3 2021,5.5,386
Quebec,Total,Rarely ,Q4 2021,6.5,461
Quebec,Total,Rarely ,Q1 2022,7.4,527
Quebec,Total,Rarely ,Q2 2022,6,428
Quebec,Total,Rarely ,Q3 2022,5.3,376
Quebec,Total,Rarely ,Q4 2022,7.6,548
Quebec,Total,Rarely ,Q2 2023,9.5,684
Quebec,Total,Rarely ,Q1 2024,7.6,557
Quebec,Total,Rarely ,Q2 2024,9.3,684
Quebec,Total,Rarely ,Q3 2024,8.8,656
Quebec,Total,Rarely ,Q4 2024,9,678
Quebec,Total,Rarely ,Q1 2025,7.5,568
Quebec,Total,Rarely ,Q2 2025,8.3,629
Quebec,Men,Always,Q3 2021,69,"2,428"
Quebec,Men,Always,Q4 2021,67.1,"2,376"
Quebec,Men,Always,Q1 2022,68.2,"2,419"
Quebec,Men,Always,Q2 2022,68.1,"2,421"
Quebec,Men,Always,Q3 2022,71.2,"2,564"
Quebec,Men,Always,Q4 2022,65.5,"2,326"
Quebec,Men,Always,Q2 2023,62.6,"2,263"
Quebec,Men,Always,Q1 2024,64.6,"2,376"
Quebec,Men,Always,Q2 2024,61.4,"2,263"
Quebec,Men,Always,Q3 2024,60.9,"2,285"
Quebec,Men,Always,Q4 2024,62.5,"2,349"
Quebec,Men,Always,Q1 2025,65.2,"2,476"
Quebec,Men,Always,Q2 2025,65.5,"2,487"
Quebec,Men,Sometimes,Q3 2021,24.8,872
Quebec,Men,Sometimes,Q4 2021,26.1,925
Quebec,Men,Sometimes,Q1 2022,22.1,783
Quebec,Men,Sometimes,Q2 2022,24.9,885
Quebec,Men,Sometimes,Q3 2022,22.9,826
Quebec,Men,Sometimes,Q4 2022,25.7,912
Quebec,Men,Sometimes,Q2 2023,27,976
Quebec,Men,Sometimes,Q1 2024,26.2,963
Quebec,Men,Sometimes,Q2 2024,28.3,"1,044"
Quebec,Men,Sometimes,Q3 2024,28,"1,051"
Quebec,Men,Sometimes,Q4 2024,26.7,"1,002"
Quebec,Men,Sometimes,Q1 2025,26.8,"1,017"
Quebec,Men,Sometimes,Q2 2025,24.8,943
Quebec,Men,Rarely ,Q3 2021,6.3,221
Quebec,Men,Rarely ,Q4 2021,6.7,238
Quebec,Men,Rarely ,Q1 2022,9.7,343
Quebec,Men,Rarely ,Q2 2022,7,250
Quebec,Men,Rarely ,Q3 2022,5.8,F
Quebec,Men,Rarely ,Q4 2022,8.8,F
Quebec,Men,Rarely ,Q2 2023,10.4,374
Quebec,Men,Rarely ,Q1 2024,9.2,338
Quebec,Men,Rarely ,Q2 2024,10.3,381
Quebec,Men,Rarely ,Q3 2024,11.1,415
Quebec,Men,Rarely ,Q4 2024,10.9,408
Quebec,Men,Rarely ,Q1 2025,8,F
Quebec,Men,Rarely ,Q2 2025,9.6,365
Quebec,Women,Always,Q3 2021,73.5,"2,609"
Quebec,Women,Always,Q4 2021,71.9,"2,537"
Quebec,Women,Always,Q1 2022,72.2,"2,585"
Quebec,Women,Always,Q2 2022,72.3,"2,595"
Quebec,Women,Always,Q3 2022,73.9,"2,623"
Quebec,Women,Always,Q4 2022,66.5,"2,416"
Quebec,Women,Always,Q2 2023,69.6,"2,501"
Quebec,Women,Always,Q1 2024,68.3,"2,514"
Quebec,Women,Always,Q2 2024,62.7,"2,317"
Quebec,Women,Always,Q3 2024,66.7,"2,477"
Quebec,Women,Always,Q4 2024,65.2,"2,436"
Quebec,Women,Always,Q1 2025,67.9,"2,547"
Quebec,Women,Always,Q2 2025,61.3,"2,314"
Quebec,Women,Sometimes,Q3 2021,21.8,774
Quebec,Women,Sometimes,Q4 2021,21.8,768
Quebec,Women,Sometimes,Q1 2022,22.7,812
Quebec,Women,Sometimes,Q2 2022,22.8,817
Quebec,Women,Sometimes,Q3 2022,21.4,762
Quebec,Women,Sometimes,Q4 2022,27,981
Quebec,Women,Sometimes,Q2 2023,21.8,782
Quebec,Women,Sometimes,Q1 2024,25.7,946
Quebec,Women,Sometimes,Q2 2024,29.1,"1,076"
Quebec,Women,Sometimes,Q3 2024,26.8,994
Quebec,Women,Sometimes,Q4 2024,27.5,"1,029"
Quebec,Women,Sometimes,Q1 2025,25.1,939
Quebec,Women,Sometimes,Q2 2025,31.7,"1,195"
Quebec,Women,Rarely ,Q3 2021,4.7,F
Quebec,Women,Rarely ,Q4 2021,6.3,223
Quebec,Women,Rarely ,Q1 2022,5.1,F
Quebec,Women,Rarely ,Q2 2022,5,F
Quebec,Women,Rarely ,Q3 2022,4.7,F
Quebec,Women,Rarely ,Q4 2022,6.4,F
Quebec,Women,Rarely ,Q2 2023,8.6,309
Quebec,Women,Rarely ,Q1 2024,5.9,218
Quebec,Women,Rarely ,Q2 2024,8.2,303
Quebec,Women,Rarely ,Q3 2024,6.5,241
Quebec,Women,Rarely ,Q4 2024,7.2,F
Quebec,Women,Rarely ,Q1 2025,7,F
Quebec,Women,Rarely ,Q2 2025,7,264
Ontario,Total,Always,Q3 2021,63.1,"7,737"
Ontario,Total,Always,Q4 2021,61.3,"7,580"
Ontario,Total,Always,Q1 2022,61.8,"7,703"
Ontario,Total,Always,Q2 2022,60.3,"7,520"
Ontario,Total,Always,Q3 2022,61.5,"7,710"
Ontario,Total,Always,Q4 2022,53.3,"6,702"
Ontario,Total,Always,Q2 2023,54,"6,839"
Ontario,Total,Always,Q1 2024,57.6,"7,521"
Ontario,Total,Always,Q2 2024,48.7,"6,439"
Ontario,Total,Always,Q3 2024,55.4,"7,410"
Ontario,Total,Always,Q4 2024,54.3,"7,317"
Ontario,Total,Always,Q1 2025,54.8,"7,483"
Ontario,Total,Always,Q2 2025,53.5,"7,307"
Ontario,Total,Sometimes,Q3 2021,29,"3,561"
Ontario,Total,Sometimes,Q4 2021,29.7,"3,668"
Ontario,Total,Sometimes,Q1 2022,30.1,"3,751"
Ontario,Total,Sometimes,Q2 2022,29.7,"3,705"
Ontario,Total,Sometimes,Q3 2022,30.5,"3,831"
Ontario,Total,Sometimes,Q4 2022,34.4,"4,321"
Ontario,Total,Sometimes,Q2 2023,32.6,"4,130"
Ontario,Total,Sometimes,Q1 2024,32,"4,183"
Ontario,Total,Sometimes,Q2 2024,36.2,"4,786"
Ontario,Total,Sometimes,Q3 2024,31.7,"4,244"
Ontario,Total,Sometimes,Q4 2024,32.3,"4,351"
Ontario,Total,Sometimes,Q1 2025,31.8,"4,343"
Ontario,Total,Sometimes,Q2 2025,34.1,"4,658"
Ontario,Total,Rarely ,Q3 2021,7.9,965
Ontario,Total,Rarely ,Q4 2021,9,"1,111"
Ontario,Total,Rarely ,Q1 2022,8.1,"1,008"
Ontario,Total,Rarely ,Q2 2022,10,"1,252"
Ontario,Total,Rarely ,Q3 2022,8,"1,002"
Ontario,Total,Rarely ,Q4 2022,12.3,"1,551"
Ontario,Total,Rarely ,Q2 2023,13.4,"1,703"
Ontario,Total,Rarely ,Q1 2024,10.4,"1,363"
Ontario,Total,Rarely ,Q2 2024,15,"1,985"
Ontario,Total,Rarely ,Q3 2024,12.8,"1,715"
Ontario,Total,Rarely ,Q4 2024,13.5,"1,820"
Ontario,Total,Rarely ,Q1 2025,13.4,"1,832"
Ontario,Total,Rarely ,Q2 2025,12.5,"1,704"
Ontario,Men,Always,Q3 2021,63.2,"3,801"
Ontario,Men,Always,Q4 2021,60.7,"3,690"
Ontario,Men,Always,Q1 2022,61.8,"3,798"
Ontario,Men,Always,Q2 2022,59.7,"3,640"
Ontario,Men,Always,Q3 2022,58.9,"3,643"
Ontario,Men,Always,Q4 2022,53.1,"3,310"
Ontario,Men,Always,Q2 2023,52.9,"3,315"
Ontario,Men,Always,Q1 2024,57.7,"3,727"
Ontario,Men,Always,Q2 2024,47.2,"3,087"
Ontario,Men,Always,Q3 2024,53.9,"3,577"
Ontario,Men,Always,Q4 2024,53,"3,541"
Ontario,Men,Always,Q1 2025,54.9,"3,723"
Ontario,Men,Always,Q2 2025,53,"3,601"
Ontario,Men,Sometimes,Q3 2021,27.6,"1,661"
Ontario,Men,Sometimes,Q4 2021,28.7,"1,746"
Ontario,Men,Sometimes,Q1 2022,29.9,"1,834"
Ontario,Men,Sometimes,Q2 2022,28.5,"1,737"
Ontario,Men,Sometimes,Q3 2022,30.8,"1,907"
Ontario,Men,Sometimes,Q4 2022,31.9,"1,990"
Ontario,Men,Sometimes,Q2 2023,31.6,"1,979"
Ontario,Men,Sometimes,Q1 2024,31.5,"2,031"
Ontario,Men,Sometimes,Q2 2024,37.2,"2,433"
Ontario,Men,Sometimes,Q3 2024,32.8,"2,177"
Ontario,Men,Sometimes,Q4 2024,32,"2,137"
Ontario,Men,Sometimes,Q1 2025,32.2,"2,182"
Ontario,Men,Sometimes,Q2 2025,33.5,"2,278"
Ontario,Men,Rarely ,Q3 2021,9.2,556
Ontario,Men,Rarely ,Q4 2021,10.5,640
Ontario,Men,Rarely ,Q1 2022,8.3,511
Ontario,Men,Rarely ,Q2 2022,11.8,719
Ontario,Men,Rarely ,Q3 2022,10.2,632
Ontario,Men,Rarely ,Q4 2022,14.9,929
Ontario,Men,Rarely ,Q2 2023,15.5,974
Ontario,Men,Rarely ,Q1 2024,10.8,698
Ontario,Men,Rarely ,Q2 2024,15.6,"1,022"
Ontario,Men,Rarely ,Q3 2024,13.3,881
Ontario,Men,Rarely ,Q4 2024,15.1,"1,008"
Ontario,Men,Rarely ,Q1 2025,12.9,874
Ontario,Men,Rarely ,Q2 2025,13.5,915
Ontario,Women,Always,Q3 2021,63,"3,935"
Ontario,Women,Always,Q4 2021,61.9,"3,890"
Ontario,Women,Always,Q1 2022,61.8,"3,905"
Ontario,Women,Always,Q2 2022,60.8,"3,880"
Ontario,Women,Always,Q3 2022,63.9,"4,067"
Ontario,Women,Always,Q4 2022,53.5,"3,392"
Ontario,Women,Always,Q2 2023,55,"3,524"
Ontario,Women,Always,Q1 2024,57.4,"3,794"
Ontario,Women,Always,Q2 2024,50.3,"3,352"
Ontario,Women,Always,Q3 2024,56.9,"3,834"
Ontario,Women,Always,Q4 2024,55.5,"3,776"
Ontario,Women,Always,Q1 2025,54.7,"3,760"
Ontario,Women,Always,Q2 2025,53.9,"3,707"
Ontario,Women,Sometimes,Q3 2021,30.4,"1,900"
Ontario,Women,Sometimes,Q4 2021,30.6,"1,923"
Ontario,Women,Sometimes,Q1 2022,30.3,"1,917"
Ontario,Women,Sometimes,Q2 2022,30.8,"1,967"
Ontario,Women,Sometimes,Q3 2022,30.2,"1,924"
Ontario,Women,Sometimes,Q4 2022,36.7,"2,331"
Ontario,Women,Sometimes,Q2 2023,33.6,"2,151"
Ontario,Women,Sometimes,Q1 2024,32.6,"2,152"
Ontario,Women,Sometimes,Q2 2024,35.3,"2,353"
Ontario,Women,Sometimes,Q3 2024,30.7,"2,067"
Ontario,Women,Sometimes,Q4 2024,32.6,"2,214"
Ontario,Women,Sometimes,Q1 2025,31.4,"2,162"
Ontario,Women,Sometimes,Q2 2025,34.6,"2,380"
Ontario,Women,Rarely ,Q3 2021,6.5,409
Ontario,Women,Rarely ,Q4 2021,7.5,471
Ontario,Women,Rarely ,Q1 2022,7.9,497
Ontario,Women,Rarely ,Q2 2022,8.4,533
Ontario,Women,Rarely ,Q3 2022,5.8,370
Ontario,Women,Rarely ,Q4 2022,9.8,622
Ontario,Women,Rarely ,Q2 2023,11.4,729
Ontario,Women,Rarely ,Q1 2024,10.1,665
Ontario,Women,Rarely ,Q2 2024,14.4,963
Ontario,Women,Rarely ,Q3 2024,12.4,834
Ontario,Women,Rarely ,Q4 2024,11.9,811
Ontario,Women,Rarely ,Q1 2025,13.9,958
Ontario,Women,Rarely ,Q2 2025,11.5,790
Manitoba,Total,Always,Q3 2021,66.8,701
Manitoba,Total,Always,Q4 2021,63.7,671
Manitoba,Total,Always,Q1 2022,63.1,668
Manitoba,Total,Always,Q2 2022,62.6,663
Manitoba,Total,Always,Q3 2022,65.4,699
Manitoba,Total,Always,Q4 2022,57.9,622
Manitoba,Total,Always,Q2 2023,60.6,657
Manitoba,Total,Always,Q1 2024,60.6,672
Manitoba,Total,Always,Q2 2024,54,603
Manitoba,Total,Always,Q3 2024,60.3,684
Manitoba,Total,Always,Q4 2024,62.3,710
Manitoba,Total,Always,Q1 2025,59.2,690
Manitoba,Total,Always,Q2 2025,57.5,675
Manitoba,Total,Sometimes,Q3 2021,27.3,287
Manitoba,Total,Sometimes,Q4 2021,28.2,297
Manitoba,Total,Sometimes,Q1 2022,28.4,300
Manitoba,Total,Sometimes,Q2 2022,30.7,325
Manitoba,Total,Sometimes,Q3 2022,28.3,303
Manitoba,Total,Sometimes,Q4 2022,30.8,330
Manitoba,Total,Sometimes,Q2 2023,28.1,305
Manitoba,Total,Sometimes,Q1 2024,30.1,333
Manitoba,Total,Sometimes,Q2 2024,31.1,348
Manitoba,Total,Sometimes,Q3 2024,26.4,299
Manitoba,Total,Sometimes,Q4 2024,27,307
Manitoba,Total,Sometimes,Q1 2025,33.6,393
Manitoba,Total,Sometimes,Q2 2025,32,376
Manitoba,Total,Rarely ,Q3 2021,5.9,F
Manitoba,Total,Rarely ,Q4 2021,8.1,F
Manitoba,Total,Rarely ,Q1 2022,8.5,F
Manitoba,Total,Rarely ,Q2 2022,6.7,F
Manitoba,Total,Rarely ,Q3 2022,6.3,F
Manitoba,Total,Rarely ,Q4 2022,11.3,F
Manitoba,Total,Rarely ,Q2 2023,11.3,F
Manitoba,Total,Rarely ,Q1 2024,9.3,104
Manitoba,Total,Rarely ,Q2 2024,14.9,167
Manitoba,Total,Rarely ,Q3 2024,13.3,151
Manitoba,Total,Rarely ,Q4 2024,10.8,123
Manitoba,Total,Rarely ,Q1 2025,7.2,F
Manitoba,Total,Rarely ,Q2 2025,10.6,F
Manitoba,Men,Always,Q3 2021,66.8,345
Manitoba,Men,Always,Q4 2021,58.5,311
Manitoba,Men,Always,Q1 2022,60.3,318
Manitoba,Men,Always,Q2 2022,60,316
Manitoba,Men,Always,Q3 2022,65.5,348
Manitoba,Men,Always,Q4 2022,52.3,282
Manitoba,Men,Always,Q2 2023,60.9,331
Manitoba,Men,Always,Q1 2024,57.5,320
Manitoba,Men,Always,Q2 2024,46.9,266
Manitoba,Men,Always,Q3 2024,58,330
Manitoba,Men,Always,Q4 2024,65.9,373
Manitoba,Men,Always,Q1 2025,52.7,309
Manitoba,Men,Always,Q2 2025,53.3,316
Manitoba,Men,Sometimes,Q3 2021,26.1,135
Manitoba,Men,Sometimes,Q4 2021,30.6,162
Manitoba,Men,Sometimes,Q1 2022,30.1,159
Manitoba,Men,Sometimes,Q2 2022,32,168
Manitoba,Men,Sometimes,Q3 2022,27.8,147
Manitoba,Men,Sometimes,Q4 2022,32.6,176
Manitoba,Men,Sometimes,Q2 2023,24.8,F
Manitoba,Men,Sometimes,Q1 2024,32.3,180
Manitoba,Men,Sometimes,Q2 2024,33.7,191
Manitoba,Men,Sometimes,Q3 2024,26.4,150
Manitoba,Men,Sometimes,Q4 2024,23.4,133
Manitoba,Men,Sometimes,Q1 2025,39.4,231
Manitoba,Men,Sometimes,Q2 2025,34.4,204
Manitoba,Men,Rarely ,Q3 2021,7.1,F
Manitoba,Men,Rarely ,Q4 2021,11,F
Manitoba,Men,Rarely ,Q1 2022,9.6,F
Manitoba,Men,Rarely ,Q2 2022,8,F
Manitoba,Men,Rarely ,Q3 2022,6.7,F
Manitoba,Men,Rarely ,Q4 2022,15.1,F
Manitoba,Men,Rarely ,Q2 2023,14.2,F
Manitoba,Men,Rarely ,Q1 2024,10.2,F
Manitoba,Men,Rarely ,Q2 2024,19.5,F
Manitoba,Men,Rarely ,Q3 2024,15.6,F
Manitoba,Men,Rarely ,Q4 2024,10.7,F
Manitoba,Men,Rarely ,Q1 2025,7.9,F
Manitoba,Men,Rarely ,Q2 2025,12.3,F
Manitoba,Women,Always,Q3 2021,66.8,356
Manitoba,Women,Always,Q4 2021,69.1,361
Manitoba,Women,Always,Q1 2022,65.9,350
Manitoba,Women,Always,Q2 2022,65.1,346
Manitoba,Women,Always,Q3 2022,65.3,351
Manitoba,Women,Always,Q4 2022,63.7,340
Manitoba,Women,Always,Q2 2023,60.3,325
Manitoba,Women,Always,Q1 2024,63.8,352
Manitoba,Women,Always,Q2 2024,61.3,337
Manitoba,Women,Always,Q3 2024,62.6,354
Manitoba,Women,Always,Q4 2024,58.7,337
Manitoba,Women,Always,Q1 2025,65.6,381
Manitoba,Women,Always,Q2 2025,61.7,359
Manitoba,Women,Sometimes,Q3 2021,28.5,152
Manitoba,Women,Sometimes,Q4 2021,25.7,134
Manitoba,Women,Sometimes,Q1 2022,26.6,141
Manitoba,Women,Sometimes,Q2 2022,29.4,157
Manitoba,Women,Sometimes,Q3 2022,28.9,155
Manitoba,Women,Sometimes,Q4 2022,28.9,154
Manitoba,Women,Sometimes,Q2 2023,31.5,170
Manitoba,Women,Sometimes,Q1 2024,27.8,153
Manitoba,Women,Sometimes,Q2 2024,28.5,157
Manitoba,Women,Sometimes,Q3 2024,26.3,149
Manitoba,Women,Sometimes,Q4 2024,30.5,175
Manitoba,Women,Sometimes,Q1 2025,27.8,162
Manitoba,Women,Sometimes,Q2 2025,29.5,172
Manitoba,Women,Rarely ,Q3 2021,4.7,F
Manitoba,Women,Rarely ,Q4 2021,5.2,F
Manitoba,Women,Rarely ,Q1 2022,7.5,F
Manitoba,Women,Rarely ,Q2 2022,5.5,F
Manitoba,Women,Rarely ,Q3 2022,5.8,F
Manitoba,Women,Rarely ,Q4 2022,7.4,F
Manitoba,Women,Rarely ,Q2 2023,8.3,F
Manitoba,Women,Rarely ,Q1 2024,8.5,F
Manitoba,Women,Rarely ,Q2 2024,10.3,F
Manitoba,Women,Rarely ,Q3 2024,11.1,F
Manitoba,Women,Rarely ,Q4 2024,10.8,F
Manitoba,Women,Rarely ,Q1 2025,6.5,F
Manitoba,Women,Rarely ,Q2 2025,8.8,F
Saskatchewan,Total,Always,Q3 2021,66.4,584
Saskatchewan,Total,Always,Q4 2021,67.8,590
Saskatchewan,Total,Always,Q1 2022,61.8,552
Saskatchewan,Total,Always,Q2 2022,65.9,591
Saskatchewan,Total,Always,Q3 2022,63.2,570
Saskatchewan,Total,Always,Q4 2022,59.4,539
Saskatchewan,Total,Always,Q2 2023,53.5,489
Saskatchewan,Total,Always,Q1 2024,61,573
Saskatchewan,Total,Always,Q2 2024,54.7,518
Saskatchewan,Total,Always,Q3 2024,58.7,562
Saskatchewan,Total,Always,Q4 2024,58.5,561
Saskatchewan,Total,Always,Q1 2025,60.3,579
Saskatchewan,Total,Always,Q2 2025,52.6,506
Saskatchewan,Total,Sometimes,Q3 2021,25.7,226
Saskatchewan,Total,Sometimes,Q4 2021,25.8,225
Saskatchewan,Total,Sometimes,Q1 2022,32.7,292
Saskatchewan,Total,Sometimes,Q2 2022,25.3,226
Saskatchewan,Total,Sometimes,Q3 2022,28.1,253
Saskatchewan,Total,Sometimes,Q4 2022,33.3,303
Saskatchewan,Total,Sometimes,Q2 2023,32.5,297
Saskatchewan,Total,Sometimes,Q1 2024,28,263
Saskatchewan,Total,Sometimes,Q2 2024,33.8,319
Saskatchewan,Total,Sometimes,Q3 2024,29.4,281
Saskatchewan,Total,Sometimes,Q4 2024,29.5,283
Saskatchewan,Total,Sometimes,Q1 2025,27.7,266
Saskatchewan,Total,Sometimes,Q2 2025,35.9,346
Saskatchewan,Total,Rarely ,Q3 2021,7.9,F
Saskatchewan,Total,Rarely ,Q4 2021,6.4,F
Saskatchewan,Total,Rarely ,Q1 2022,5.5,F
Saskatchewan,Total,Rarely ,Q2 2022,8.8,F
Saskatchewan,Total,Rarely ,Q3 2022,8.7,F
Saskatchewan,Total,Rarely ,Q4 2022,7.3,F
Saskatchewan,Total,Rarely ,Q2 2023,14.1,129
Saskatchewan,Total,Rarely ,Q1 2024,10.9,103
Saskatchewan,Total,Rarely ,Q2 2024,11.5,109
Saskatchewan,Total,Rarely ,Q3 2024,11.9,F
Saskatchewan,Total,Rarely ,Q4 2024,12,F
Saskatchewan,Total,Rarely ,Q1 2025,12,F
Saskatchewan,Total,Rarely ,Q2 2025,11.5,F
Saskatchewan,Men,Always,Q3 2021,66.9,297
Saskatchewan,Men,Always,Q4 2021,68.8,299
Saskatchewan,Men,Always,Q1 2022,58.9,257
Saskatchewan,Men,Always,Q2 2022,64.5,293
Saskatchewan,Men,Always,Q3 2022,57.4,252
Saskatchewan,Men,Always,Q4 2022,57.6,263
Saskatchewan,Men,Always,Q2 2023,54.2,251
Saskatchewan,Men,Always,Q1 2024,56.4,270
Saskatchewan,Men,Always,Q2 2024,49.9,238
Saskatchewan,Men,Always,Q3 2024,54,260
Saskatchewan,Men,Always,Q4 2024,53.9,271
Saskatchewan,Men,Always,Q1 2025,55.3,266
Saskatchewan,Men,Always,Q2 2025,49.4,239
Saskatchewan,Men,Sometimes,Q3 2021,26.8,119
Saskatchewan,Men,Sometimes,Q4 2021,24.6,107
Saskatchewan,Men,Sometimes,Q1 2022,34.3,150
Saskatchewan,Men,Sometimes,Q2 2022,28.9,131
Saskatchewan,Men,Sometimes,Q3 2022,30.3,133
Saskatchewan,Men,Sometimes,Q4 2022,33.4,152
Saskatchewan,Men,Sometimes,Q2 2023,30.3,140
Saskatchewan,Men,Sometimes,Q1 2024,30.3,145
Saskatchewan,Men,Sometimes,Q2 2024,38.5,184
Saskatchewan,Men,Sometimes,Q3 2024,33.1,160
Saskatchewan,Men,Sometimes,Q4 2024,33.2,167
Saskatchewan,Men,Sometimes,Q1 2025,29,140
Saskatchewan,Men,Sometimes,Q2 2025,34.9,169
Saskatchewan,Men,Rarely ,Q3 2021,6.3,F
Saskatchewan,Men,Rarely ,Q4 2021,6.7,F
Saskatchewan,Men,Rarely ,Q1 2022,6.8,F
Saskatchewan,Men,Rarely ,Q2 2022,6.6,F
Saskatchewan,Men,Rarely ,Q3 2022,12.3,F
Saskatchewan,Men,Rarely ,Q4 2022,9,F
Saskatchewan,Men,Rarely ,Q2 2023,15.5,F
Saskatchewan,Men,Rarely ,Q1 2024,13.2,F
Saskatchewan,Men,Rarely ,Q2 2024,11.6,F
Saskatchewan,Men,Rarely ,Q3 2024,12.9,F
Saskatchewan,Men,Rarely ,Q4 2024,12.9,F
Saskatchewan,Men,Rarely ,Q1 2025,15.6,F
Saskatchewan,Men,Rarely ,Q2 2025,15.7,F
Saskatchewan,Women,Always,Q3 2021,65.9,287
Saskatchewan,Women,Always,Q4 2021,66.8,291
Saskatchewan,Women,Always,Q1 2022,64.5,295
Saskatchewan,Women,Always,Q2 2022,67.4,297
Saskatchewan,Women,Always,Q3 2022,68.7,319
Saskatchewan,Women,Always,Q4 2022,61.2,277
Saskatchewan,Women,Always,Q2 2023,52.7,238
Saskatchewan,Women,Always,Q1 2024,65.8,302
Saskatchewan,Women,Always,Q2 2024,59.7,279
Saskatchewan,Women,Always,Q3 2024,63.5,302
Saskatchewan,Women,Always,Q4 2024,63.5,290
Saskatchewan,Women,Always,Q1 2025,65.2,312
Saskatchewan,Women,Always,Q2 2025,55.9,267
Saskatchewan,Women,Sometimes,Q3 2021,24.5,107
Saskatchewan,Women,Sometimes,Q4 2021,27,118
Saskatchewan,Women,Sometimes,Q1 2022,31.2,143
Saskatchewan,Women,Sometimes,Q2 2022,21.5,95
Saskatchewan,Women,Sometimes,Q3 2022,26,121
Saskatchewan,Women,Sometimes,Q4 2022,33.2,150
Saskatchewan,Women,Sometimes,Q2 2023,34.7,157
Saskatchewan,Women,Sometimes,Q1 2024,25.7,118
Saskatchewan,Women,Sometimes,Q2 2024,29,136
Saskatchewan,Women,Sometimes,Q3 2024,25.6,122
Saskatchewan,Women,Sometimes,Q4 2024,25.4,F
Saskatchewan,Women,Sometimes,Q1 2025,26.4,127
Saskatchewan,Women,Sometimes,Q2 2025,36.9,176
Saskatchewan,Women,Rarely ,Q3 2021,9.6,F
Saskatchewan,Women,Rarely ,Q4 2021,6.2,F
Saskatchewan,Women,Rarely ,Q1 2022,4.3,F
Saskatchewan,Women,Rarely ,Q2 2022,11,F
Saskatchewan,Women,Rarely ,Q3 2022,5.3,F
Saskatchewan,Women,Rarely ,Q4 2022,5.6,F
Saskatchewan,Women,Rarely ,Q2 2023,12.6,F
Saskatchewan,Women,Rarely ,Q1 2024,8.5,F
Saskatchewan,Women,Rarely ,Q2 2024,11.4,F
Saskatchewan,Women,Rarely ,Q3 2024,10.8,F
Saskatchewan,Women,Rarely ,Q4 2024,11.1,F
Saskatchewan,Women,Rarely ,Q1 2025,8.4,F
Saskatchewan,Women,Rarely ,Q2 2025,7.3,F
Alberta,Total,Always,Q3 2021,61.9,"2,186"
Alberta,Total,Always,Q4 2021,60.9,"2,156"
Alberta,Total,Always,Q1 2022,64.7,"2,309"
Alberta,Total,Always,Q2 2022,61.4,"2,209"
Alberta,Total,Always,Q3 2022,63.1,"2,285"
Alberta,Total,Always,Q4 2022,58,"2,115"
Alberta,Total,Always,Q2 2023,52.1,"1,934"
Alberta,Total,Always,Q1 2024,59,"2,275"
Alberta,Total,Always,Q2 2024,49.2,"1,924"
Alberta,Total,Always,Q3 2024,55.2,"2,186"
Alberta,Total,Always,Q4 2024,51.5,"2,059"
Alberta,Total,Always,Q1 2025,55.6,"2,230"
Alberta,Total,Always,Q2 2025,53.2,"2,149"
Alberta,Total,Sometimes,Q3 2021,27.7,980
Alberta,Total,Sometimes,Q4 2021,27.9,988
Alberta,Total,Sometimes,Q1 2022,27.6,984
Alberta,Total,Sometimes,Q2 2022,27.4,984
Alberta,Total,Sometimes,Q3 2022,30.3,"1,098"
Alberta,Total,Sometimes,Q4 2022,30.7,"1,118"
Alberta,Total,Sometimes,Q2 2023,31.1,"1,154"
Alberta,Total,Sometimes,Q1 2024,29,"1,119"
Alberta,Total,Sometimes,Q2 2024,36.6,"1,431"
Alberta,Total,Sometimes,Q3 2024,31.9,"1,265"
Alberta,Total,Sometimes,Q4 2024,33.7,"1,350"
Alberta,Total,Sometimes,Q1 2025,32.6,"1,308"
Alberta,Total,Sometimes,Q2 2025,32.9,"1,329"
Alberta,Total,Rarely ,Q3 2021,10.4,366
Alberta,Total,Rarely ,Q4 2021,11.2,397
Alberta,Total,Rarely ,Q1 2022,7.7,276
Alberta,Total,Rarely ,Q2 2022,11.2,402
Alberta,Total,Rarely ,Q3 2022,6.6,241
Alberta,Total,Rarely ,Q4 2022,11.3,412
Alberta,Total,Rarely ,Q2 2023,16.8,623
Alberta,Total,Rarely ,Q1 2024,12,463
Alberta,Total,Rarely ,Q2 2024,14.2,554
Alberta,Total,Rarely ,Q3 2024,12.9,512
Alberta,Total,Rarely ,Q4 2024,14.8,592
Alberta,Total,Rarely ,Q1 2025,11.7,471
Alberta,Total,Rarely ,Q2 2025,13.9,560
Alberta,Men,Always,Q3 2021,59.4,"1,049"
Alberta,Men,Always,Q4 2021,62.2,"1,102"
Alberta,Men,Always,Q1 2022,63.4,"1,130"
Alberta,Men,Always,Q2 2022,61,"1,095"
Alberta,Men,Always,Q3 2022,62.6,"1,132"
Alberta,Men,Always,Q4 2022,51.2,930
Alberta,Men,Always,Q2 2023,48.8,902
Alberta,Men,Always,Q1 2024,58.5,"1,133"
Alberta,Men,Always,Q2 2024,46.2,923
Alberta,Men,Always,Q3 2024,55.5,"1,100"
Alberta,Men,Always,Q4 2024,48,963
Alberta,Men,Always,Q1 2025,53.1,"1,067"
Alberta,Men,Always,Q2 2025,53.3,"1,075"
Alberta,Men,Sometimes,Q3 2021,26.9,474
Alberta,Men,Sometimes,Q4 2021,24.8,440
Alberta,Men,Sometimes,Q1 2022,27.5,491
Alberta,Men,Sometimes,Q2 2022,24.1,433
Alberta,Men,Sometimes,Q3 2022,28.2,511
Alberta,Men,Sometimes,Q4 2022,34.8,632
Alberta,Men,Sometimes,Q2 2023,34,628
Alberta,Men,Sometimes,Q1 2024,27.3,527
Alberta,Men,Sometimes,Q2 2024,37.8,755
Alberta,Men,Sometimes,Q3 2024,28.9,572
Alberta,Men,Sometimes,Q4 2024,33.2,666
Alberta,Men,Sometimes,Q1 2025,32.2,648
Alberta,Men,Sometimes,Q2 2025,31.9,644
Alberta,Men,Rarely ,Q3 2021,13.7,F
Alberta,Men,Rarely ,Q4 2021,12.9,F
Alberta,Men,Rarely ,Q1 2022,9.1,F
Alberta,Men,Rarely ,Q2 2022,14.9,F
Alberta,Men,Rarely ,Q3 2022,9.1,F
Alberta,Men,Rarely ,Q4 2022,13.9,F
Alberta,Men,Rarely ,Q2 2023,17.2,318
Alberta,Men,Rarely ,Q1 2024,14.2,275
Alberta,Men,Rarely ,Q2 2024,15.9,318
Alberta,Men,Rarely ,Q3 2024,15.6,308
Alberta,Men,Rarely ,Q4 2024,18.8,378
Alberta,Men,Rarely ,Q1 2025,14.6,F
Alberta,Men,Rarely ,Q2 2025,14.9,300
Alberta,Women,Always,Q3 2021,64.4,"1,138"
Alberta,Women,Always,Q4 2021,59.5,"1,053"
Alberta,Women,Always,Q1 2022,66,"1,180"
Alberta,Women,Always,Q2 2022,61.9,"1,113"
Alberta,Women,Always,Q3 2022,63.5,"1,153"
Alberta,Women,Always,Q4 2022,64.8,"1,185"
Alberta,Women,Always,Q2 2023,55.4,"1,032"
Alberta,Women,Always,Q1 2024,59.4,"1,143"
Alberta,Women,Always,Q2 2024,52.3,"1,001"
Alberta,Women,Always,Q3 2024,54.8,"1,086"
Alberta,Women,Always,Q4 2024,55,"1,096"
Alberta,Women,Always,Q1 2025,58.2,"1,163"
Alberta,Women,Always,Q2 2025,53.2,"1,074"
Alberta,Women,Sometimes,Q3 2021,28.6,505
Alberta,Women,Sometimes,Q4 2021,31,548
Alberta,Women,Sometimes,Q1 2022,27.6,494
Alberta,Women,Sometimes,Q2 2022,30.6,551
Alberta,Women,Sometimes,Q3 2022,32.4,588
Alberta,Women,Sometimes,Q4 2022,26.5,486
Alberta,Women,Sometimes,Q2 2023,28.2,526
Alberta,Women,Sometimes,Q1 2024,30.8,592
Alberta,Women,Sometimes,Q2 2024,35.3,675
Alberta,Women,Sometimes,Q3 2024,34.9,693
Alberta,Women,Sometimes,Q4 2024,34.3,684
Alberta,Women,Sometimes,Q1 2025,33,661
Alberta,Women,Sometimes,Q2 2025,33.9,686
Alberta,Women,Rarely ,Q3 2021,7,F
Alberta,Women,Rarely ,Q4 2021,9.5,F
Alberta,Women,Rarely ,Q1 2022,6.4,F
Alberta,Women,Rarely ,Q2 2022,7.5,F
Alberta,Women,Rarely ,Q3 2022,4.2,F
Alberta,Women,Rarely ,Q4 2022,8.7,F
Alberta,Women,Rarely ,Q2 2023,16.4,F
Alberta,Women,Rarely ,Q1 2024,9.8,188
Alberta,Women,Rarely ,Q2 2024,12.3,236
Alberta,Women,Rarely ,Q3 2024,10.3,F
Alberta,Women,Rarely ,Q4 2024,10.7,F
Alberta,Women,Rarely ,Q1 2025,8.8,F
Alberta,Women,Rarely ,Q2 2025,12.9,F
British_Columbia,Total,Always,Q3 2021,64.9,"2,825"
British_Columbia,Total,Always,Q4 2021,59.4,"2,604"
British_Columbia,Total,Always,Q1 2022,60.2,"2,649"
British_Columbia,Total,Always,Q2 2022,58.2,"2,575"
British_Columbia,Total,Always,Q3 2022,61.6,"2,728"
British_Columbia,Total,Always,Q4 2022,54.1,"2,404"
British_Columbia,Total,Always,Q2 2023,54.4,"2,437"
British_Columbia,Total,Always,Q1 2024,57.9,"2,662"
British_Columbia,Total,Always,Q2 2024,54.9,"2,549"
British_Columbia,Total,Always,Q3 2024,53.5,"2,507"
British_Columbia,Total,Always,Q4 2024,53.6,"2,535"
British_Columbia,Total,Always,Q1 2025,54.7,"2,631"
British_Columbia,Total,Always,Q2 2025,53.7,"2,600"
British_Columbia,Total,Sometimes,Q3 2021,26.9,"1,171"
British_Columbia,Total,Sometimes,Q4 2021,30.8,"1,349"
British_Columbia,Total,Sometimes,Q1 2022,30.7,"1,351"
British_Columbia,Total,Sometimes,Q2 2022,32.5,"1,438"
British_Columbia,Total,Sometimes,Q3 2022,27.1,"1,201"
British_Columbia,Total,Sometimes,Q4 2022,31.9,"1,418"
British_Columbia,Total,Sometimes,Q2 2023,29.9,"1,341"
British_Columbia,Total,Sometimes,Q1 2024,33.4,"1,536"
British_Columbia,Total,Sometimes,Q2 2024,32.4,"1,504"
British_Columbia,Total,Sometimes,Q3 2024,29.9,"1,399"
British_Columbia,Total,Sometimes,Q4 2024,32.9,"1,554"
British_Columbia,Total,Sometimes,Q1 2025,33.1,"1,593"
British_Columbia,Total,Sometimes,Q2 2025,31.7,"1,531"
British_Columbia,Total,Rarely ,Q3 2021,8.2,357
British_Columbia,Total,Rarely ,Q4 2021,9.8,430
British_Columbia,Total,Rarely ,Q1 2022,9.2,404
British_Columbia,Total,Rarely ,Q2 2022,9.2,408
British_Columbia,Total,Rarely ,Q3 2022,11.2,498
British_Columbia,Total,Rarely ,Q4 2022,14,623
British_Columbia,Total,Rarely ,Q2 2023,15.7,705
British_Columbia,Total,Rarely ,Q1 2024,8.8,402
British_Columbia,Total,Rarely ,Q2 2024,12.7,589
British_Columbia,Total,Rarely ,Q3 2024,16.6,777
British_Columbia,Total,Rarely ,Q4 2024,13.5,638
British_Columbia,Total,Rarely ,Q1 2025,12.1,584
British_Columbia,Total,Rarely ,Q2 2025,14.6,706
British_Columbia,Men,Always,Q3 2021,65,"1,383"
British_Columbia,Men,Always,Q4 2021,55.8,"1,208"
British_Columbia,Men,Always,Q1 2022,59.1,"1,270"
British_Columbia,Men,Always,Q2 2022,59.9,"1,300"
British_Columbia,Men,Always,Q3 2022,60.7,"1,338"
British_Columbia,Men,Always,Q4 2022,51.5,"1,120"
British_Columbia,Men,Always,Q2 2023,52.4,"1,157"
British_Columbia,Men,Always,Q1 2024,57.6,"1,292"
British_Columbia,Men,Always,Q2 2024,52.7,"1,206"
British_Columbia,Men,Always,Q3 2024,52.3,"1,210"
British_Columbia,Men,Always,Q4 2024,50.9,"1,195"
British_Columbia,Men,Always,Q1 2025,51,"1,211"
British_Columbia,Men,Always,Q2 2025,50.8,"1,212"
British_Columbia,Men,Sometimes,Q3 2021,26.6,566
British_Columbia,Men,Sometimes,Q4 2021,32.3,698
British_Columbia,Men,Sometimes,Q1 2022,30.1,648
British_Columbia,Men,Sometimes,Q2 2022,31,673
British_Columbia,Men,Sometimes,Q3 2022,28.5,628
British_Columbia,Men,Sometimes,Q4 2022,32.5,708
British_Columbia,Men,Sometimes,Q2 2023,29.5,651
British_Columbia,Men,Sometimes,Q1 2024,32.3,725
British_Columbia,Men,Sometimes,Q2 2024,31.5,722
British_Columbia,Men,Sometimes,Q3 2024,28.3,654
British_Columbia,Men,Sometimes,Q4 2024,34.4,806
British_Columbia,Men,Sometimes,Q1 2025,37.2,883
British_Columbia,Men,Sometimes,Q2 2025,31,738
British_Columbia,Men,Rarely ,Q3 2021,8.3,F
British_Columbia,Men,Rarely ,Q4 2021,11.9,F
British_Columbia,Men,Rarely ,Q1 2022,10.8,F
British_Columbia,Men,Rarely ,Q2 2022,9.1,F
British_Columbia,Men,Rarely ,Q3 2022,10.8,F
British_Columbia,Men,Rarely ,Q4 2022,16,349
British_Columbia,Men,Rarely ,Q2 2023,18.1,400
British_Columbia,Men,Rarely ,Q1 2024,10.1,227
British_Columbia,Men,Rarely ,Q2 2024,15.8,362
British_Columbia,Men,Rarely ,Q3 2024,19.5,451
British_Columbia,Men,Rarely ,Q4 2024,14.7,344
British_Columbia,Men,Rarely ,Q1 2025,11.8,F
British_Columbia,Men,Rarely ,Q2 2025,18.2,435
British_Columbia,Women,Always,Q3 2021,64.8,"1,441"
British_Columbia,Women,Always,Q4 2021,62.9,"1,396"
British_Columbia,Women,Always,Q1 2022,61.2,"1,378"
British_Columbia,Women,Always,Q2 2022,56.6,"1,275"
British_Columbia,Women,Always,Q3 2022,62.5,"1,390"
British_Columbia,Women,Always,Q4 2022,56.6,"1,284"
British_Columbia,Women,Always,Q2 2023,56.3,"1,280"
British_Columbia,Women,Always,Q1 2024,58.1,"1,370"
British_Columbia,Women,Always,Q2 2024,57.1,"1,343"
British_Columbia,Women,Always,Q3 2024,54.8,"1,297"
British_Columbia,Women,Always,Q4 2024,56.3,"1,340"
British_Columbia,Women,Always,Q1 2025,58.4,"1,420"
British_Columbia,Women,Always,Q2 2025,56.6,"1,387"
British_Columbia,Women,Sometimes,Q3 2021,27.2,605
British_Columbia,Women,Sometimes,Q4 2021,29.3,651
British_Columbia,Women,Sometimes,Q1 2022,31.2,702
British_Columbia,Women,Sometimes,Q2 2022,34,765
British_Columbia,Women,Sometimes,Q3 2022,25.8,573
British_Columbia,Women,Sometimes,Q4 2022,31.3,710
British_Columbia,Women,Sometimes,Q2 2023,30.3,690
British_Columbia,Women,Sometimes,Q1 2024,34.4,811
British_Columbia,Women,Sometimes,Q2 2024,33.2,782
British_Columbia,Women,Sometimes,Q3 2024,31.5,745
British_Columbia,Women,Sometimes,Q4 2024,31.4,747
British_Columbia,Women,Sometimes,Q1 2025,29.1,709
British_Columbia,Women,Sometimes,Q2 2025,32.3,793
British_Columbia,Women,Rarely ,Q3 2021,8.1,F
British_Columbia,Women,Rarely ,Q4 2021,7.7,F
British_Columbia,Women,Rarely ,Q1 2022,7.6,F
British_Columbia,Women,Rarely ,Q2 2022,9.4,211
British_Columbia,Women,Rarely ,Q3 2022,11.6,F
British_Columbia,Women,Rarely ,Q4 2022,12.1,274
British_Columbia,Women,Rarely ,Q2 2023,13.4,F
British_Columbia,Women,Rarely ,Q1 2024,7.5,F
British_Columbia,Women,Rarely ,Q2 2024,9.6,F
British_Columbia,Women,Rarely ,Q3 2024,13.8,326
British_Columbia,Women,Rarely ,Q4 2024,12.3,F
British_Columbia,Women,Rarely ,Q1 2025,12.5,F
British_Columbia,Women,Rarely ,Q2 2025,11.1,271
