Geography,Gender,Indicators,Percent,Number,Date
Canada,Total,Always,65.5,20430,2021-07-01
Canada,Total,Always,63.1,19775,2021-10-01
Canada,Total,Always,63.8,20161,2022-01-01
Canada,Total,Always,62.6,19831,2022-04-01
Canada,Total,Always,64.6,20548,2022-07-01
Canada,Total,Always,57.3,18311,2022-10-01
Canada,Total,Always,56.8,18295,2023-04-01
Canada,Total,Always,59.9,19841,2024-01-01
Canada,Total,Always,53,17721,2024-04-01
Canada,Total,Always,57.2,19332,2024-07-01
Canada,Total,Always,56.3,19151,2024-10-01
Canada,Total,Always,57.8,19884,2025-01-01
Canada,Total,Always,55.9,19305,2025-04-01
Canada,Total,Sometimes,27,8420,2021-07-01
Canada,Total,Sometimes,28,8781,2021-10-01
Canada,Total,Sometimes,28.3,8925,2022-01-01
Canada,Total,Sometimes,28.4,8987,2022-04-01
Canada,Total,Sometimes,27.7,8821,2022-07-01
Canada,Total,Sometimes,31.4,10043,2022-10-01
Canada,Total,Sometimes,30.1,9696,2023-04-01
Canada,Total,Sometimes,30.2,10016,2024-01-01
Canada,Total,Sometimes,33.8,11288,2024-04-01
Canada,Total,Sometimes,30.3,10232,2024-07-01
Canada,Total,Sometimes,31.3,10643,2024-10-01
Canada,Total,Sometimes,30.9,10616,2025-01-01
Canada,Total,Sometimes,32.1,11078,2025-04-01
Canada,Total,Rarely,7.6,2357,2021-07-01
Canada,Total,Rarely,8.9,2778,2021-10-01
Canada,Total,Rarely,7.9,2504,2022-01-01
Canada,Total,Rarely,9,2864,2022-04-01
Canada,Total,Rarely,7.7,2459,2022-07-01
Canada,Total,Rarely,11.2,3591,2022-10-01
Canada,Total,Rarely,13.1,4220,2023-04-01
Canada,Total,Rarely,9.9,3265,2024-01-01
Canada,Total,Rarely,13.2,4405,2024-04-01
Canada,Total,Rarely,12.5,4227,2024-07-01
Canada,Total,Rarely,12.5,4249,2024-10-01
Canada,Total,Rarely,11.4,3906,2025-01-01
Canada,Total,Rarely,12,4131,2025-04-01
Canada,Men,Always,64.6,9943,2021-07-01
Canada,Men,Always,61.7,9588,2021-10-01
Canada,Men,Always,62.8,9794,2022-01-01
Canada,Men,Always,61.7,9648,2022-04-01
Canada,Men,Always,62.8,9916,2022-07-01
Canada,Men,Always,55.7,8807,2022-10-01
Canada,Men,Always,55,8788,2023-04-01
Canada,Men,Always,59.1,9715,2024-01-01
Canada,Men,Always,51.1,8517,2024-04-01
Canada,Men,Always,55.6,9354,2024-07-01
Canada,Men,Always,54.6,9269,2024-10-01
Canada,Men,Always,56.3,9644,2025-01-01
Canada,Men,Always,55.5,9536,2025-04-01
Canada,Men,Sometimes,26.7,4112,2021-07-01
Canada,Men,Sometimes,28.1,4363,2021-10-01
Canada,Men,Sometimes,28.1,4384,2022-01-01
Canada,Men,Sometimes,27.7,4330,2022-04-01
Canada,Men,Sometimes,28,4430,2022-07-01
Canada,Men,Sometimes,31,4895,2022-10-01
Canada,Men,Sometimes,30.3,4852,2023-04-01
Canada,Men,Sometimes,29.9,4908,2024-01-01
Canada,Men,Sometimes,34.2,5689,2024-04-01
Canada,Men,Sometimes,30.4,5114,2024-07-01
Canada,Men,Sometimes,31,5266,2024-10-01
Canada,Men,Sometimes,32,5484,2025-01-01
Canada,Men,Sometimes,30.9,5319,2025-04-01
Canada,Men,Rarely,8.7,1341,2021-07-01
Canada,Men,Rarely,10.2,1582,2021-10-01
Canada,Men,Rarely,9.1,1415,2022-01-01
Canada,Men,Rarely,10.6,1650,2022-04-01
Canada,Men,Rarely,9.2,1456,2022-07-01
Canada,Men,Rarely,13.3,2110,2022-10-01
Canada,Men,Rarely,14.7,2350,2023-04-01
Canada,Men,Rarely,11,1811,2024-01-01
Canada,Men,Rarely,14.7,2446,2024-04-01
Canada,Men,Rarely,14,2360,2024-07-01
Canada,Men,Rarely,14.4,2436,2024-10-01
Canada,Men,Rarely,11.7,2011,2025-01-01
Canada,Men,Rarely,13.6,2332,2025-04-01
Canada,Women,Always,66.3,10487,2021-07-01
Canada,Women,Always,64.5,10187,2021-10-01
Canada,Women,Always,64.8,10368,2022-01-01
Canada,Women,Always,63.4,10182,2022-04-01
Canada,Women,Always,66.3,10633,2022-07-01
Canada,Women,Always,58.9,9504,2022-10-01
Canada,Women,Always,58.6,9507,2023-04-01
Canada,Women,Always,60.7,10126,2024-01-01
Canada,Women,Always,54.9,9204,2024-04-01
Canada,Women,Always,58.8,9978,2024-07-01
Canada,Women,Always,57.9,9882,2024-10-01
Canada,Women,Always,59.3,10240,2025-01-01
Canada,Women,Always,56.4,9769,2025-04-01
Canada,Women,Sometimes,27.3,4309,2021-07-01
Canada,Women,Sometimes,28,4418,2021-10-01
Canada,Women,Sometimes,28.4,4540,2022-01-01
Canada,Women,Sometimes,29,4656,2022-04-01
Canada,Women,Sometimes,27.4,4392,2022-07-01
Canada,Women,Sometimes,31.9,5148,2022-10-01
Canada,Women,Sometimes,29.9,4844,2023-04-01
Canada,Women,Sometimes,30.6,5108,2024-01-01
Canada,Women,Sometimes,33.4,5599,2024-04-01
Canada,Women,Sometimes,30.2,5118,2024-07-01
Canada,Women,Sometimes,31.5,5377,2024-10-01
Canada,Women,Sometimes,29.7,5132,2025-01-01
Canada,Women,Sometimes,33.2,5759,2025-04-01
Canada,Women,Rarely,6.4,1016,2021-07-01
Canada,Women,Rarely,7.6,1196,2021-10-01
Canada,Women,Rarely,6.8,1089,2022-01-01
Canada,Women,Rarely,7.6,1215,2022-04-01
Canada,Women,Rarely,6.3,1003,2022-07-01
Canada,Women,Rarely,9.2,1482,2022-10-01
Canada,Women,Rarely,11.5,1870,2023-04-01
Canada,Women,Rarely,8.7,1453,2024-01-01
Canada,Women,Rarely,11.7,1959,2024-04-01
Canada,Women,Rarely,11,1867,2024-07-01
Canada,Women,Rarely,10.6,1813,2024-10-01
Canada,Women,Rarely,11,1896,2025-01-01
Canada,Women,Rarely,10.4,1799,2025-04-01
Newfoundland_Labrador,Total,Always,64.1,285,2021-07-01
Newfoundland_Labrador,Total,Always,61.1,269,2021-10-01
Newfoundland_Labrador,Total,Always,62,277,2022-01-01
Newfoundland_Labrador,Total,Always,61.3,274,2022-04-01
Newfoundland_Labrador,Total,Always,61.6,276,2022-07-01
Newfoundland_Labrador,Total,Always,57.9,260,2022-10-01
Newfoundland_Labrador,Total,Always,53.1,238,2023-04-01
Newfoundland_Labrador,Total,Always,56.9,261,2024-01-01
Newfoundland_Labrador,Total,Always,51.7,238,2024-04-01
Newfoundland_Labrador,Total,Always,49.3,227,2024-07-01
Newfoundland_Labrador,Total,Always,52.4,243,2024-10-01
Newfoundland_Labrador,Total,Always,55.1,259,2025-01-01
Newfoundland_Labrador,Total,Always,54.7,258,2025-04-01
Newfoundland_Labrador,Total,Sometimes,30.6,136,2021-07-01
Newfoundland_Labrador,Total,Sometimes,29.7,131,2021-10-01
Newfoundland_Labrador,Total,Sometimes,28.1,126,2022-01-01
Newfoundland_Labrador,Total,Sometimes,30,134,2022-04-01
Newfoundland_Labrador,Total,Sometimes,26.9,121,2022-07-01
Newfoundland_Labrador,Total,Sometimes,30.3,136,2022-10-01
Newfoundland_Labrador,Total,Sometimes,34.3,154,2023-04-01
Newfoundland_Labrador,Total,Sometimes,34.9,160,2024-01-01
Newfoundland_Labrador,Total,Sometimes,34.4,159,2024-04-01
Newfoundland_Labrador,Total,Sometimes,38.5,178,2024-07-01
Newfoundland_Labrador,Total,Sometimes,33.8,157,2024-10-01
Newfoundland_Labrador,Total,Sometimes,32.4,152,2025-01-01
Newfoundland_Labrador,Total,Sometimes,34.5,163,2025-04-01
Newfoundland_Labrador,Total,Rarely,5.3,NA,2021-07-01
Newfoundland_Labrador,Total,Rarely,9.3,NA,2021-10-01
Newfoundland_Labrador,Total,Rarely,9.9,NA,2022-01-01
Newfoundland_Labrador,Total,Rarely,8.7,NA,2022-04-01
Newfoundland_Labrador,Total,Rarely,11.5,NA,2022-07-01
Newfoundland_Labrador,Total,Rarely,11.8,NA,2022-10-01
Newfoundland_Labrador,Total,Rarely,12.7,57,2023-04-01
Newfoundland_Labrador,Total,Rarely,8.3,NA,2024-01-01
Newfoundland_Labrador,Total,Rarely,13.9,64,2024-04-01
Newfoundland_Labrador,Total,Rarely,12.1,NA,2024-07-01
Newfoundland_Labrador,Total,Rarely,13.8,NA,2024-10-01
Newfoundland_Labrador,Total,Rarely,12.5,NA,2025-01-01
Newfoundland_Labrador,Total,Rarely,10.8,NA,2025-04-01
Newfoundland_Labrador,Men,Always,64,138,2021-07-01
Newfoundland_Labrador,Men,Always,58.4,128,2021-10-01
Newfoundland_Labrador,Men,Always,60,132,2022-01-01
Newfoundland_Labrador,Men,Always,62.3,137,2022-04-01
Newfoundland_Labrador,Men,Always,53.6,119,2022-07-01
Newfoundland_Labrador,Men,Always,54.9,121,2022-10-01
Newfoundland_Labrador,Men,Always,49.9,111,2023-04-01
Newfoundland_Labrador,Men,Always,56.9,129,2024-01-01
Newfoundland_Labrador,Men,Always,56.2,129,2024-04-01
Newfoundland_Labrador,Men,Always,47.5,109,2024-07-01
Newfoundland_Labrador,Men,Always,52.2,119,2024-10-01
Newfoundland_Labrador,Men,Always,59.4,137,2025-01-01
Newfoundland_Labrador,Men,Always,49.9,116,2025-04-01
Newfoundland_Labrador,Men,Sometimes,28.8,NA,2021-07-01
Newfoundland_Labrador,Men,Sometimes,28.9,NA,2021-10-01
Newfoundland_Labrador,Men,Sometimes,25.5,56,2022-01-01
Newfoundland_Labrador,Men,Sometimes,27.6,61,2022-04-01
Newfoundland_Labrador,Men,Sometimes,31.1,NA,2022-07-01
Newfoundland_Labrador,Men,Sometimes,31.3,NA,2022-10-01
Newfoundland_Labrador,Men,Sometimes,37.4,83,2023-04-01
Newfoundland_Labrador,Men,Sometimes,33,75,2024-01-01
Newfoundland_Labrador,Men,Sometimes,30.5,70,2024-04-01
Newfoundland_Labrador,Men,Sometimes,39.2,90,2024-07-01
Newfoundland_Labrador,Men,Sometimes,29.6,NA,2024-10-01
Newfoundland_Labrador,Men,Sometimes,28.3,65,2025-01-01
Newfoundland_Labrador,Men,Sometimes,38.4,89,2025-04-01
Newfoundland_Labrador,Men,Rarely,7.1,NA,2021-07-01
Newfoundland_Labrador,Men,Rarely,12.6,NA,2021-10-01
Newfoundland_Labrador,Men,Rarely,14.6,NA,2022-01-01
Newfoundland_Labrador,Men,Rarely,10.1,NA,2022-04-01
Newfoundland_Labrador,Men,Rarely,15.3,NA,2022-07-01
Newfoundland_Labrador,Men,Rarely,13.8,NA,2022-10-01
Newfoundland_Labrador,Men,Rarely,12.7,NA,2023-04-01
Newfoundland_Labrador,Men,Rarely,10,NA,2024-01-01
Newfoundland_Labrador,Men,Rarely,13.3,NA,2024-04-01
Newfoundland_Labrador,Men,Rarely,13.3,NA,2024-07-01
Newfoundland_Labrador,Men,Rarely,18.2,NA,2024-10-01
Newfoundland_Labrador,Men,Rarely,12.3,NA,2025-01-01
Newfoundland_Labrador,Men,Rarely,11.8,NA,2025-04-01
Newfoundland_Labrador,Women,Always,64.2,147,2021-07-01
Newfoundland_Labrador,Women,Always,63.7,141,2021-10-01
Newfoundland_Labrador,Women,Always,63.9,146,2022-01-01
Newfoundland_Labrador,Women,Always,60.4,138,2022-04-01
Newfoundland_Labrador,Women,Always,69.3,157,2022-07-01
Newfoundland_Labrador,Women,Always,60.9,139,2022-10-01
Newfoundland_Labrador,Women,Always,56.1,127,2023-04-01
Newfoundland_Labrador,Women,Always,56.8,132,2024-01-01
Newfoundland_Labrador,Women,Always,47.2,109,2024-04-01
Newfoundland_Labrador,Women,Always,51.1,118,2024-07-01
Newfoundland_Labrador,Women,Always,52.7,124,2024-10-01
Newfoundland_Labrador,Women,Always,50.9,122,2025-01-01
Newfoundland_Labrador,Women,Always,59.3,142,2025-04-01
Newfoundland_Labrador,Women,Sometimes,32.3,74,2021-07-01
Newfoundland_Labrador,Women,Sometimes,30.4,67,2021-10-01
Newfoundland_Labrador,Women,Sometimes,30.6,70,2022-01-01
Newfoundland_Labrador,Women,Sometimes,32.3,74,2022-04-01
Newfoundland_Labrador,Women,Sometimes,22.8,52,2022-07-01
Newfoundland_Labrador,Women,Sometimes,29.3,67,2022-10-01
Newfoundland_Labrador,Women,Sometimes,31.2,71,2023-04-01
Newfoundland_Labrador,Women,Sometimes,36.6,85,2024-01-01
Newfoundland_Labrador,Women,Sometimes,38.3,89,2024-04-01
Newfoundland_Labrador,Women,Sometimes,37.9,88,2024-07-01
Newfoundland_Labrador,Women,Sometimes,37.8,89,2024-10-01
Newfoundland_Labrador,Women,Sometimes,36.4,87,2025-01-01
Newfoundland_Labrador,Women,Sometimes,30.8,74,2025-04-01
Newfoundland_Labrador,Women,Rarely,3.5,NA,2021-07-01
Newfoundland_Labrador,Women,Rarely,5.9,NA,2021-10-01
Newfoundland_Labrador,Women,Rarely,5.5,NA,2022-01-01
Newfoundland_Labrador,Women,Rarely,7.3,NA,2022-04-01
Newfoundland_Labrador,Women,Rarely,7.9,NA,2022-07-01
Newfoundland_Labrador,Women,Rarely,9.8,NA,2022-10-01
Newfoundland_Labrador,Women,Rarely,12.6,NA,2023-04-01
Newfoundland_Labrador,Women,Rarely,6.6,NA,2024-01-01
Newfoundland_Labrador,Women,Rarely,14.5,NA,2024-04-01
Newfoundland_Labrador,Women,Rarely,10.9,NA,2024-07-01
Newfoundland_Labrador,Women,Rarely,9.5,NA,2024-10-01
Newfoundland_Labrador,Women,Rarely,12.7,NA,2025-01-01
Newfoundland_Labrador,Women,Rarely,9.9,NA,2025-04-01
Prince_Edward,Total,Always,66.6,90,2021-07-01
Prince_Edward,Total,Always,65.5,89,2021-10-01
Prince_Edward,Total,Always,65.1,89,2022-01-01
Prince_Edward,Total,Always,65.9,91,2022-04-01
Prince_Edward,Total,Always,72.7,102,2022-07-01
Prince_Edward,Total,Always,64.9,91,2022-10-01
Prince_Edward,Total,Always,58.5,84,2023-04-01
Prince_Edward,Total,Always,59.4,88,2024-01-01
Prince_Edward,Total,Always,56.9,85,2024-04-01
Prince_Edward,Total,Always,58.5,88,2024-07-01
Prince_Edward,Total,Always,59.7,91,2024-10-01
Prince_Edward,Total,Always,50.2,77,2025-01-01
Prince_Edward,Total,Always,61.2,93,2025-04-01
Prince_Edward,Total,Sometimes,26.2,35,2021-07-01
Prince_Edward,Total,Sometimes,25.7,35,2021-10-01
Prince_Edward,Total,Sometimes,26.9,37,2022-01-01
Prince_Edward,Total,Sometimes,25.4,35,2022-04-01
Prince_Edward,Total,Sometimes,20,28,2022-07-01
Prince_Edward,Total,Sometimes,29.1,41,2022-10-01
Prince_Edward,Total,Sometimes,30.3,43,2023-04-01
Prince_Edward,Total,Sometimes,31.3,46,2024-01-01
Prince_Edward,Total,Sometimes,28.1,42,2024-04-01
Prince_Edward,Total,Sometimes,28.5,43,2024-07-01
Prince_Edward,Total,Sometimes,31.2,47,2024-10-01
Prince_Edward,Total,Sometimes,37.5,57,2025-01-01
Prince_Edward,Total,Sometimes,28.2,43,2025-04-01
Prince_Edward,Total,Rarely,7.1,NA,2021-07-01
Prince_Edward,Total,Rarely,8.7,NA,2021-10-01
Prince_Edward,Total,Rarely,8,NA,2022-01-01
Prince_Edward,Total,Rarely,8.7,NA,2022-04-01
Prince_Edward,Total,Rarely,7.3,NA,2022-07-01
Prince_Edward,Total,Rarely,6.1,NA,2022-10-01
Prince_Edward,Total,Rarely,11.2,NA,2023-04-01
Prince_Edward,Total,Rarely,9.3,14,2024-01-01
Prince_Edward,Total,Rarely,15,22,2024-04-01
Prince_Edward,Total,Rarely,13,NA,2024-07-01
Prince_Edward,Total,Rarely,9.1,NA,2024-10-01
Prince_Edward,Total,Rarely,12.3,NA,2025-01-01
Prince_Edward,Total,Rarely,10.7,NA,2025-04-01
Prince_Edward,Men,Always,66.2,44,2021-07-01
Prince_Edward,Men,Always,57,37,2021-10-01
Prince_Edward,Men,Always,63.1,42,2022-01-01
Prince_Edward,Men,Always,64.6,44,2022-04-01
Prince_Edward,Men,Always,70.1,48,2022-07-01
Prince_Edward,Men,Always,63.4,45,2022-10-01
Prince_Edward,Men,Always,60.2,42,2023-04-01
Prince_Edward,Men,Always,55.6,41,2024-01-01
Prince_Edward,Men,Always,59.8,45,2024-04-01
Prince_Edward,Men,Always,57.7,44,2024-07-01
Prince_Edward,Men,Always,62.8,48,2024-10-01
Prince_Edward,Men,Always,44.3,33,2025-01-01
Prince_Edward,Men,Always,53.5,40,2025-04-01
Prince_Edward,Men,Sometimes,27.2,NA,2021-07-01
Prince_Edward,Men,Sometimes,31.8,21,2021-10-01
Prince_Edward,Men,Sometimes,27.4,18,2022-01-01
Prince_Edward,Men,Sometimes,25.6,17,2022-04-01
Prince_Edward,Men,Sometimes,22.1,NA,2022-07-01
Prince_Edward,Men,Sometimes,28.6,20,2022-10-01
Prince_Edward,Men,Sometimes,29.4,NA,2023-04-01
Prince_Edward,Men,Sometimes,34.4,25,2024-01-01
Prince_Edward,Men,Sometimes,24,18,2024-04-01
Prince_Edward,Men,Sometimes,28.5,22,2024-07-01
Prince_Edward,Men,Sometimes,28,NA,2024-10-01
Prince_Edward,Men,Sometimes,37.7,28,2025-01-01
Prince_Edward,Men,Sometimes,30.9,23,2025-04-01
Prince_Edward,Men,Rarely,6.6,NA,2021-07-01
Prince_Edward,Men,Rarely,11.2,NA,2021-10-01
Prince_Edward,Men,Rarely,9.5,NA,2022-01-01
Prince_Edward,Men,Rarely,9.9,NA,2022-04-01
Prince_Edward,Men,Rarely,7.8,NA,2022-07-01
Prince_Edward,Men,Rarely,8,NA,2022-10-01
Prince_Edward,Men,Rarely,10.4,NA,2023-04-01
Prince_Edward,Men,Rarely,10,NA,2024-01-01
Prince_Edward,Men,Rarely,16.1,NA,2024-04-01
Prince_Edward,Men,Rarely,13.7,NA,2024-07-01
Prince_Edward,Men,Rarely,9.1,NA,2024-10-01
Prince_Edward,Men,Rarely,18,NA,2025-01-01
Prince_Edward,Men,Rarely,15.6,NA,2025-04-01
Prince_Edward,Women,Always,67,46,2021-07-01
Prince_Edward,Women,Always,73.4,52,2021-10-01
Prince_Edward,Women,Always,67.1,47,2022-01-01
Prince_Edward,Women,Always,67.3,47,2022-04-01
Prince_Edward,Women,Always,75.1,54,2022-07-01
Prince_Edward,Women,Always,66.4,47,2022-10-01
Prince_Edward,Women,Always,56.9,42,2023-04-01
Prince_Edward,Women,Always,63.1,47,2024-01-01
Prince_Edward,Women,Always,53.9,40,2024-04-01
Prince_Edward,Women,Always,59.2,45,2024-07-01
Prince_Edward,Women,Always,56.6,43,2024-10-01
Prince_Edward,Women,Always,55.8,44,2025-01-01
Prince_Edward,Women,Always,68.4,54,2025-04-01
Prince_Edward,Women,Sometimes,25.3,17,2021-07-01
Prince_Edward,Women,Sometimes,20.1,14,2021-10-01
Prince_Edward,Women,Sometimes,26.3,18,2022-01-01
Prince_Edward,Women,Sometimes,25.3,18,2022-04-01
Prince_Edward,Women,Sometimes,18,NA,2022-07-01
Prince_Edward,Women,Sometimes,29.6,21,2022-10-01
Prince_Edward,Women,Sometimes,31.2,23,2023-04-01
Prince_Edward,Women,Sometimes,28.3,21,2024-01-01
Prince_Edward,Women,Sometimes,32.3,24,2024-04-01
Prince_Edward,Women,Sometimes,28.4,21,2024-07-01
Prince_Edward,Women,Sometimes,34.3,26,2024-10-01
Prince_Edward,Women,Sometimes,37.4,29,2025-01-01
Prince_Edward,Women,Sometimes,25.6,20,2025-04-01
Prince_Edward,Women,Rarely,7.6,NA,2021-07-01
Prince_Edward,Women,Rarely,6.5,NA,2021-10-01
Prince_Edward,Women,Rarely,6.6,NA,2022-01-01
Prince_Edward,Women,Rarely,7.5,NA,2022-04-01
Prince_Edward,Women,Rarely,6.8,NA,2022-07-01
Prince_Edward,Women,Rarely,4.1,NA,2022-10-01
Prince_Edward,Women,Rarely,12,NA,2023-04-01
Prince_Edward,Women,Rarely,8.6,NA,2024-01-01
Prince_Edward,Women,Rarely,13.8,NA,2024-04-01
Prince_Edward,Women,Rarely,12.4,NA,2024-07-01
Prince_Edward,Women,Rarely,9.1,NA,2024-10-01
Prince_Edward,Women,Rarely,6.8,NA,2025-01-01
Prince_Edward,Women,Rarely,6,NA,2025-04-01
NovaScotia,Total,Always,67.3,557,2021-07-01
NovaScotia,Total,Always,59.1,491,2021-10-01
NovaScotia,Total,Always,59.8,501,2022-01-01
NovaScotia,Total,Always,59,494,2022-04-01
NovaScotia,Total,Always,62.7,533,2022-07-01
NovaScotia,Total,Always,52.5,448,2022-10-01
NovaScotia,Total,Always,57,493,2023-04-01
NovaScotia,Total,Always,55.7,493,2024-01-01
NovaScotia,Total,Always,44.9,400,2024-04-01
NovaScotia,Total,Always,53.7,482,2024-07-01
NovaScotia,Total,Always,52.4,473,2024-10-01
NovaScotia,Total,Always,55.5,508,2025-01-01
NovaScotia,Total,Always,53.5,490,2025-04-01
NovaScotia,Total,Sometimes,25.1,208,2021-07-01
NovaScotia,Total,Sometimes,26.7,222,2021-10-01
NovaScotia,Total,Sometimes,34.5,289,2022-01-01
NovaScotia,Total,Sometimes,29,244,2022-04-01
NovaScotia,Total,Sometimes,27.9,237,2022-07-01
NovaScotia,Total,Sometimes,33.5,286,2022-10-01
NovaScotia,Total,Sometimes,31,268,2023-04-01
NovaScotia,Total,Sometimes,29.3,259,2024-01-01
NovaScotia,Total,Sometimes,40.9,365,2024-04-01
NovaScotia,Total,Sometimes,29.1,261,2024-07-01
NovaScotia,Total,Sometimes,36.7,332,2024-10-01
NovaScotia,Total,Sometimes,34.6,317,2025-01-01
NovaScotia,Total,Sometimes,31.3,287,2025-04-01
NovaScotia,Total,Rarely,7.6,NA,2021-07-01
NovaScotia,Total,Rarely,14.2,118,2021-10-01
NovaScotia,Total,Rarely,5.7,NA,2022-01-01
NovaScotia,Total,Rarely,12,NA,2022-04-01
NovaScotia,Total,Rarely,9.4,NA,2022-07-01
NovaScotia,Total,Rarely,14,120,2022-10-01
NovaScotia,Total,Rarely,12,104,2023-04-01
NovaScotia,Total,Rarely,15.1,134,2024-01-01
NovaScotia,Total,Rarely,14.2,127,2024-04-01
NovaScotia,Total,Rarely,17.1,154,2024-07-01
NovaScotia,Total,Rarely,10.9,NA,2024-10-01
NovaScotia,Total,Rarely,9.8,NA,2025-01-01
NovaScotia,Total,Rarely,15.1,139,2025-04-01
NovaScotia,Men,Always,63.1,253,2021-07-01
NovaScotia,Men,Always,57.7,237,2021-10-01
NovaScotia,Men,Always,57.4,231,2022-01-01
NovaScotia,Men,Always,51.3,210,2022-04-01
NovaScotia,Men,Always,60.5,251,2022-07-01
NovaScotia,Men,Always,54.3,228,2022-10-01
NovaScotia,Men,Always,55.5,231,2023-04-01
NovaScotia,Men,Always,52.6,230,2024-01-01
NovaScotia,Men,Always,42,183,2024-04-01
NovaScotia,Men,Always,53.4,234,2024-07-01
NovaScotia,Men,Always,51.3,227,2024-10-01
NovaScotia,Men,Always,51.7,233,2025-01-01
NovaScotia,Men,Always,56.7,257,2025-04-01
NovaScotia,Men,Sometimes,28.1,113,2021-07-01
NovaScotia,Men,Sometimes,27.9,115,2021-10-01
NovaScotia,Men,Sometimes,35.2,142,2022-01-01
NovaScotia,Men,Sometimes,33.1,136,2022-04-01
NovaScotia,Men,Sometimes,28,116,2022-07-01
NovaScotia,Men,Sometimes,32.9,138,2022-10-01
NovaScotia,Men,Sometimes,30.3,126,2023-04-01
NovaScotia,Men,Sometimes,29.3,128,2024-01-01
NovaScotia,Men,Sometimes,36.7,159,2024-04-01
NovaScotia,Men,Sometimes,28.9,127,2024-07-01
NovaScotia,Men,Sometimes,35.1,156,2024-10-01
NovaScotia,Men,Sometimes,36.5,164,2025-01-01
NovaScotia,Men,Sometimes,30,136,2025-04-01
NovaScotia,Men,Rarely,8.8,NA,2021-07-01
NovaScotia,Men,Rarely,14.4,NA,2021-10-01
NovaScotia,Men,Rarely,7.4,NA,2022-01-01
NovaScotia,Men,Rarely,15.6,NA,2022-04-01
NovaScotia,Men,Rarely,11.4,NA,2022-07-01
NovaScotia,Men,Rarely,12.8,NA,2022-10-01
NovaScotia,Men,Rarely,14.2,NA,2023-04-01
NovaScotia,Men,Rarely,18,NA,2024-01-01
NovaScotia,Men,Rarely,21.3,NA,2024-04-01
NovaScotia,Men,Rarely,17.7,NA,2024-07-01
NovaScotia,Men,Rarely,13.7,NA,2024-10-01
NovaScotia,Men,Rarely,11.8,NA,2025-01-01
NovaScotia,Men,Rarely,13.4,NA,2025-04-01
NovaScotia,Women,Always,71.3,304,2021-07-01
NovaScotia,Women,Always,60.4,254,2021-10-01
NovaScotia,Women,Always,62,270,2022-01-01
NovaScotia,Women,Always,66.3,284,2022-04-01
NovaScotia,Women,Always,64.7,282,2022-07-01
NovaScotia,Women,Always,50.7,219,2022-10-01
NovaScotia,Women,Always,58.4,261,2023-04-01
NovaScotia,Women,Always,58.6,263,2024-01-01
NovaScotia,Women,Always,47.6,217,2024-04-01
NovaScotia,Women,Always,54,248,2024-07-01
NovaScotia,Women,Always,53.4,245,2024-10-01
NovaScotia,Women,Always,59.2,275,2025-01-01
NovaScotia,Women,Always,50.4,233,2025-04-01
NovaScotia,Women,Sometimes,22.3,95,2021-07-01
NovaScotia,Women,Sometimes,25.6,108,2021-10-01
NovaScotia,Women,Sometimes,33.8,147,2022-01-01
NovaScotia,Women,Sometimes,25.2,108,2022-04-01
NovaScotia,Women,Sometimes,27.8,121,2022-07-01
NovaScotia,Women,Sometimes,34.1,148,2022-10-01
NovaScotia,Women,Sometimes,31.7,142,2023-04-01
NovaScotia,Women,Sometimes,29.2,131,2024-01-01
NovaScotia,Women,Sometimes,45,205,2024-04-01
NovaScotia,Women,Sometimes,29.4,135,2024-07-01
NovaScotia,Women,Sometimes,38.4,176,2024-10-01
NovaScotia,Women,Sometimes,32.8,153,2025-01-01
NovaScotia,Women,Sometimes,32.7,152,2025-04-01
NovaScotia,Women,Rarely,6.5,NA,2021-07-01
NovaScotia,Women,Rarely,14,NA,2021-10-01
NovaScotia,Women,Rarely,4.2,NA,2022-01-01
NovaScotia,Women,Rarely,8.6,NA,2022-04-01
NovaScotia,Women,Rarely,7.5,NA,2022-07-01
NovaScotia,Women,Rarely,15.2,NA,2022-10-01
NovaScotia,Women,Rarely,10,NA,2023-04-01
NovaScotia,Women,Rarely,12.2,NA,2024-01-01
NovaScotia,Women,Rarely,7.5,NA,2024-04-01
NovaScotia,Women,Rarely,16.6,NA,2024-07-01
NovaScotia,Women,Rarely,8.2,NA,2024-10-01
NovaScotia,Women,Rarely,8,NA,2025-01-01
NovaScotia,Women,Rarely,16.9,NA,2025-04-01
New_Brunswick,Total,Always,65.4,429,2021-07-01
New_Brunswick,Total,Always,63,412,2021-10-01
New_Brunswick,Total,Always,62.4,410,2022-01-01
New_Brunswick,Total,Always,59.9,398,2022-04-01
New_Brunswick,Total,Always,68,456,2022-07-01
New_Brunswick,Total,Always,57.5,389,2022-10-01
New_Brunswick,Total,Always,52.6,359,2023-04-01
New_Brunswick,Total,Always,58,406,2024-01-01
New_Brunswick,Total,Always,54.8,385,2024-04-01
New_Brunswick,Total,Always,59.3,423,2024-07-01
New_Brunswick,Total,Always,52.7,378,2024-10-01
New_Brunswick,Total,Always,56.2,403,2025-01-01
New_Brunswick,Total,Always,58.8,425,2025-04-01
New_Brunswick,Total,Sometimes,26,171,2021-07-01
New_Brunswick,Total,Sometimes,26.6,174,2021-10-01
New_Brunswick,Total,Sometimes,30.6,201,2022-01-01
New_Brunswick,Total,Sometimes,29.2,194,2022-04-01
New_Brunswick,Total,Sometimes,24,161,2022-07-01
New_Brunswick,Total,Sometimes,29.2,197,2022-10-01
New_Brunswick,Total,Sometimes,36.2,247,2023-04-01
New_Brunswick,Total,Sometimes,29.5,207,2024-01-01
New_Brunswick,Total,Sometimes,30.5,215,2024-04-01
New_Brunswick,Total,Sometimes,30.5,218,2024-07-01
New_Brunswick,Total,Sometimes,32.3,232,2024-10-01
New_Brunswick,Total,Sometimes,32,230,2025-01-01
New_Brunswick,Total,Sometimes,28.7,208,2025-04-01
New_Brunswick,Total,Rarely,8.5,NA,2021-07-01
New_Brunswick,Total,Rarely,10.4,NA,2021-10-01
New_Brunswick,Total,Rarely,7,NA,2022-01-01
New_Brunswick,Total,Rarely,10.9,73,2022-04-01
New_Brunswick,Total,Rarely,8,NA,2022-07-01
New_Brunswick,Total,Rarely,13.3,NA,2022-10-01
New_Brunswick,Total,Rarely,11.3,NA,2023-04-01
New_Brunswick,Total,Rarely,12.5,88,2024-01-01
New_Brunswick,Total,Rarely,14.7,103,2024-04-01
New_Brunswick,Total,Rarely,10.2,NA,2024-07-01
New_Brunswick,Total,Rarely,15,107,2024-10-01
New_Brunswick,Total,Rarely,11.8,NA,2025-01-01
New_Brunswick,Total,Rarely,12.4,90,2025-04-01
New_Brunswick,Men,Always,63.8,206,2021-07-01
New_Brunswick,Men,Always,61.9,200,2021-10-01
New_Brunswick,Men,Always,61.7,198,2022-01-01
New_Brunswick,Men,Always,58,192,2022-04-01
New_Brunswick,Men,Always,66.4,220,2022-07-01
New_Brunswick,Men,Always,55,183,2022-10-01
New_Brunswick,Men,Always,54.6,184,2023-04-01
New_Brunswick,Men,Always,56.3,197,2024-01-01
New_Brunswick,Men,Always,50.6,178,2024-04-01
New_Brunswick,Men,Always,58,204,2024-07-01
New_Brunswick,Men,Always,51.2,183,2024-10-01
New_Brunswick,Men,Always,53.1,189,2025-01-01
New_Brunswick,Men,Always,54.1,193,2025-04-01
New_Brunswick,Men,Sometimes,28.2,91,2021-07-01
New_Brunswick,Men,Sometimes,26.9,87,2021-10-01
New_Brunswick,Men,Sometimes,32.4,104,2022-01-01
New_Brunswick,Men,Sometimes,26.6,88,2022-04-01
New_Brunswick,Men,Sometimes,23.5,78,2022-07-01
New_Brunswick,Men,Sometimes,29,97,2022-10-01
New_Brunswick,Men,Sometimes,33.8,114,2023-04-01
New_Brunswick,Men,Sometimes,31,109,2024-01-01
New_Brunswick,Men,Sometimes,31.8,112,2024-04-01
New_Brunswick,Men,Sometimes,31.8,112,2024-07-01
New_Brunswick,Men,Sometimes,31.1,111,2024-10-01
New_Brunswick,Men,Sometimes,35.4,126,2025-01-01
New_Brunswick,Men,Sometimes,26.6,95,2025-04-01
New_Brunswick,Men,Rarely,8,NA,2021-07-01
New_Brunswick,Men,Rarely,11.2,NA,2021-10-01
New_Brunswick,Men,Rarely,5.9,NA,2022-01-01
New_Brunswick,Men,Rarely,15.4,NA,2022-04-01
New_Brunswick,Men,Rarely,10.1,NA,2022-07-01
New_Brunswick,Men,Rarely,16.1,NA,2022-10-01
New_Brunswick,Men,Rarely,11.7,NA,2023-04-01
New_Brunswick,Men,Rarely,12.7,NA,2024-01-01
New_Brunswick,Men,Rarely,17.6,NA,2024-04-01
New_Brunswick,Men,Rarely,10.1,NA,2024-07-01
New_Brunswick,Men,Rarely,17.6,NA,2024-10-01
New_Brunswick,Men,Rarely,11.5,NA,2025-01-01
New_Brunswick,Men,Rarely,19.3,NA,2025-04-01
New_Brunswick,Women,Always,67,223,2021-07-01
New_Brunswick,Women,Always,64.1,211,2021-10-01
New_Brunswick,Women,Always,63.1,212,2022-01-01
New_Brunswick,Women,Always,61.8,205,2022-04-01
New_Brunswick,Women,Always,69.6,236,2022-07-01
New_Brunswick,Women,Always,60.1,205,2022-10-01
New_Brunswick,Women,Always,50.6,175,2023-04-01
New_Brunswick,Women,Always,59.6,209,2024-01-01
New_Brunswick,Women,Always,59,208,2024-04-01
New_Brunswick,Women,Always,60.5,219,2024-07-01
New_Brunswick,Women,Always,54.1,195,2024-10-01
New_Brunswick,Women,Always,59.1,215,2025-01-01
New_Brunswick,Women,Always,63.4,232,2025-04-01
New_Brunswick,Women,Sometimes,23.9,80,2021-07-01
New_Brunswick,Women,Sometimes,26.4,87,2021-10-01
New_Brunswick,Women,Sometimes,28.8,97,2022-01-01
New_Brunswick,Women,Sometimes,31.7,105,2022-04-01
New_Brunswick,Women,Sometimes,24.5,83,2022-07-01
New_Brunswick,Women,Sometimes,29.4,101,2022-10-01
New_Brunswick,Women,Sometimes,38.5,133,2023-04-01
New_Brunswick,Women,Sometimes,28,98,2024-01-01
New_Brunswick,Women,Sometimes,29.3,103,2024-04-01
New_Brunswick,Women,Sometimes,29.3,106,2024-07-01
New_Brunswick,Women,Sometimes,33.5,121,2024-10-01
New_Brunswick,Women,Sometimes,28.8,104,2025-01-01
New_Brunswick,Women,Sometimes,30.8,112,2025-04-01
New_Brunswick,Women,Rarely,9.1,NA,2021-07-01
New_Brunswick,Women,Rarely,9.6,NA,2021-10-01
New_Brunswick,Women,Rarely,8.1,NA,2022-01-01
New_Brunswick,Women,Rarely,6.4,NA,2022-04-01
New_Brunswick,Women,Rarely,5.9,NA,2022-07-01
New_Brunswick,Women,Rarely,10.5,NA,2022-10-01
New_Brunswick,Women,Rarely,10.9,NA,2023-04-01
New_Brunswick,Women,Rarely,12.4,NA,2024-01-01
New_Brunswick,Women,Rarely,11.7,NA,2024-04-01
New_Brunswick,Women,Rarely,10.2,NA,2024-07-01
New_Brunswick,Women,Rarely,12.4,NA,2024-10-01
New_Brunswick,Women,Rarely,12.1,NA,2025-01-01
New_Brunswick,Women,Rarely,5.8,NA,2025-04-01
Quebec,Total,Always,71.2,5037,2021-07-01
Quebec,Total,Always,69.5,4913,2021-10-01
Quebec,Total,Always,70.2,5004,2022-01-01
Quebec,Total,Always,70.2,5016,2022-04-01
Quebec,Total,Always,72.5,5188,2022-07-01
Quebec,Total,Always,66,4742,2022-10-01
Quebec,Total,Always,66.1,4764,2023-04-01
Quebec,Total,Always,66.5,4890,2024-01-01
Quebec,Total,Always,62,4580,2024-04-01
Quebec,Total,Always,63.8,4762,2024-07-01
Quebec,Total,Always,63.9,4785,2024-10-01
Quebec,Total,Always,66.6,5023,2025-01-01
Quebec,Total,Always,63.4,4801,2025-04-01
Quebec,Total,Sometimes,23.3,1646,2021-07-01
Quebec,Total,Sometimes,23.9,1692,2021-10-01
Quebec,Total,Sometimes,22.4,1594,2022-01-01
Quebec,Total,Sometimes,23.8,1702,2022-04-01
Quebec,Total,Sometimes,22.2,1588,2022-07-01
Quebec,Total,Sometimes,26.4,1893,2022-10-01
Quebec,Total,Sometimes,24.4,1757,2023-04-01
Quebec,Total,Sometimes,26,1909,2024-01-01
Quebec,Total,Sometimes,28.7,2120,2024-04-01
Quebec,Total,Sometimes,27.4,2045,2024-07-01
Quebec,Total,Sometimes,27.1,2031,2024-10-01
Quebec,Total,Sometimes,25.9,1957,2025-01-01
Quebec,Total,Sometimes,28.2,2137,2025-04-01
Quebec,Total,Rarely,5.5,386,2021-07-01
Quebec,Total,Rarely,6.5,461,2021-10-01
Quebec,Total,Rarely,7.4,527,2022-01-01
Quebec,Total,Rarely,6,428,2022-04-01
Quebec,Total,Rarely,5.3,376,2022-07-01
Quebec,Total,Rarely,7.6,548,2022-10-01
Quebec,Total,Rarely,9.5,684,2023-04-01
Quebec,Total,Rarely,7.6,557,2024-01-01
Quebec,Total,Rarely,9.3,684,2024-04-01
Quebec,Total,Rarely,8.8,656,2024-07-01
Quebec,Total,Rarely,9,678,2024-10-01
Quebec,Total,Rarely,7.5,568,2025-01-01
Quebec,Total,Rarely,8.3,629,2025-04-01
Quebec,Men,Always,69,2428,2021-07-01
Quebec,Men,Always,67.1,2376,2021-10-01
Quebec,Men,Always,68.2,2419,2022-01-01
Quebec,Men,Always,68.1,2421,2022-04-01
Quebec,Men,Always,71.2,2564,2022-07-01
Quebec,Men,Always,65.5,2326,2022-10-01
Quebec,Men,Always,62.6,2263,2023-04-01
Quebec,Men,Always,64.6,2376,2024-01-01
Quebec,Men,Always,61.4,2263,2024-04-01
Quebec,Men,Always,60.9,2285,2024-07-01
Quebec,Men,Always,62.5,2349,2024-10-01
Quebec,Men,Always,65.2,2476,2025-01-01
Quebec,Men,Always,65.5,2487,2025-04-01
Quebec,Men,Sometimes,24.8,872,2021-07-01
Quebec,Men,Sometimes,26.1,925,2021-10-01
Quebec,Men,Sometimes,22.1,783,2022-01-01
Quebec,Men,Sometimes,24.9,885,2022-04-01
Quebec,Men,Sometimes,22.9,826,2022-07-01
Quebec,Men,Sometimes,25.7,912,2022-10-01
Quebec,Men,Sometimes,27,976,2023-04-01
Quebec,Men,Sometimes,26.2,963,2024-01-01
Quebec,Men,Sometimes,28.3,1044,2024-04-01
Quebec,Men,Sometimes,28,1051,2024-07-01
Quebec,Men,Sometimes,26.7,1002,2024-10-01
Quebec,Men,Sometimes,26.8,1017,2025-01-01
Quebec,Men,Sometimes,24.8,943,2025-04-01
Quebec,Men,Rarely,6.3,221,2021-07-01
Quebec,Men,Rarely,6.7,238,2021-10-01
Quebec,Men,Rarely,9.7,343,2022-01-01
Quebec,Men,Rarely,7,250,2022-04-01
Quebec,Men,Rarely,5.8,NA,2022-07-01
Quebec,Men,Rarely,8.8,NA,2022-10-01
Quebec,Men,Rarely,10.4,374,2023-04-01
Quebec,Men,Rarely,9.2,338,2024-01-01
Quebec,Men,Rarely,10.3,381,2024-04-01
Quebec,Men,Rarely,11.1,415,2024-07-01
Quebec,Men,Rarely,10.9,408,2024-10-01
Quebec,Men,Rarely,8,NA,2025-01-01
Quebec,Men,Rarely,9.6,365,2025-04-01
Quebec,Women,Always,73.5,2609,2021-07-01
Quebec,Women,Always,71.9,2537,2021-10-01
Quebec,Women,Always,72.2,2585,2022-01-01
Quebec,Women,Always,72.3,2595,2022-04-01
Quebec,Women,Always,73.9,2623,2022-07-01
Quebec,Women,Always,66.5,2416,2022-10-01
Quebec,Women,Always,69.6,2501,2023-04-01
Quebec,Women,Always,68.3,2514,2024-01-01
Quebec,Women,Always,62.7,2317,2024-04-01
Quebec,Women,Always,66.7,2477,2024-07-01
Quebec,Women,Always,65.2,2436,2024-10-01
Quebec,Women,Always,67.9,2547,2025-01-01
Quebec,Women,Always,61.3,2314,2025-04-01
Quebec,Women,Sometimes,21.8,774,2021-07-01
Quebec,Women,Sometimes,21.8,768,2021-10-01
Quebec,Women,Sometimes,22.7,812,2022-01-01
Quebec,Women,Sometimes,22.8,817,2022-04-01
Quebec,Women,Sometimes,21.4,762,2022-07-01
Quebec,Women,Sometimes,27,981,2022-10-01
Quebec,Women,Sometimes,21.8,782,2023-04-01
Quebec,Women,Sometimes,25.7,946,2024-01-01
Quebec,Women,Sometimes,29.1,1076,2024-04-01
Quebec,Women,Sometimes,26.8,994,2024-07-01
Quebec,Women,Sometimes,27.5,1029,2024-10-01
Quebec,Women,Sometimes,25.1,939,2025-01-01
Quebec,Women,Sometimes,31.7,1195,2025-04-01
Quebec,Women,Rarely,4.7,NA,2021-07-01
Quebec,Women,Rarely,6.3,223,2021-10-01
Quebec,Women,Rarely,5.1,NA,2022-01-01
Quebec,Women,Rarely,5,NA,2022-04-01
Quebec,Women,Rarely,4.7,NA,2022-07-01
Quebec,Women,Rarely,6.4,NA,2022-10-01
Quebec,Women,Rarely,8.6,309,2023-04-01
Quebec,Women,Rarely,5.9,218,2024-01-01
Quebec,Women,Rarely,8.2,303,2024-04-01
Quebec,Women,Rarely,6.5,241,2024-07-01
Quebec,Women,Rarely,7.2,NA,2024-10-01
Quebec,Women,Rarely,7,NA,2025-01-01
Quebec,Women,Rarely,7,264,2025-04-01
Ontario,Total,Always,63.1,7737,2021-07-01
Ontario,Total,Always,61.3,7580,2021-10-01
Ontario,Total,Always,61.8,7703,2022-01-01
Ontario,Total,Always,60.3,7520,2022-04-01
Ontario,Total,Always,61.5,7710,2022-07-01
Ontario,Total,Always,53.3,6702,2022-10-01
Ontario,Total,Always,54,6839,2023-04-01
Ontario,Total,Always,57.6,7521,2024-01-01
Ontario,Total,Always,48.7,6439,2024-04-01
Ontario,Total,Always,55.4,7410,2024-07-01
Ontario,Total,Always,54.3,7317,2024-10-01
Ontario,Total,Always,54.8,7483,2025-01-01
Ontario,Total,Always,53.5,7307,2025-04-01
Ontario,Total,Sometimes,29,3561,2021-07-01
Ontario,Total,Sometimes,29.7,3668,2021-10-01
Ontario,Total,Sometimes,30.1,3751,2022-01-01
Ontario,Total,Sometimes,29.7,3705,2022-04-01
Ontario,Total,Sometimes,30.5,3831,2022-07-01
Ontario,Total,Sometimes,34.4,4321,2022-10-01
Ontario,Total,Sometimes,32.6,4130,2023-04-01
Ontario,Total,Sometimes,32,4183,2024-01-01
Ontario,Total,Sometimes,36.2,4786,2024-04-01
Ontario,Total,Sometimes,31.7,4244,2024-07-01
Ontario,Total,Sometimes,32.3,4351,2024-10-01
Ontario,Total,Sometimes,31.8,4343,2025-01-01
Ontario,Total,Sometimes,34.1,4658,2025-04-01
Ontario,Total,Rarely,7.9,965,2021-07-01
Ontario,Total,Rarely,9,1111,2021-10-01
Ontario,Total,Rarely,8.1,1008,2022-01-01
Ontario,Total,Rarely,10,1252,2022-04-01
Ontario,Total,Rarely,8,1002,2022-07-01
Ontario,Total,Rarely,12.3,1551,2022-10-01
Ontario,Total,Rarely,13.4,1703,2023-04-01
Ontario,Total,Rarely,10.4,1363,2024-01-01
Ontario,Total,Rarely,15,1985,2024-04-01
Ontario,Total,Rarely,12.8,1715,2024-07-01
Ontario,Total,Rarely,13.5,1820,2024-10-01
Ontario,Total,Rarely,13.4,1832,2025-01-01
Ontario,Total,Rarely,12.5,1704,2025-04-01
Ontario,Men,Always,63.2,3801,2021-07-01
Ontario,Men,Always,60.7,3690,2021-10-01
Ontario,Men,Always,61.8,3798,2022-01-01
Ontario,Men,Always,59.7,3640,2022-04-01
Ontario,Men,Always,58.9,3643,2022-07-01
Ontario,Men,Always,53.1,3310,2022-10-01
Ontario,Men,Always,52.9,3315,2023-04-01
Ontario,Men,Always,57.7,3727,2024-01-01
Ontario,Men,Always,47.2,3087,2024-04-01
Ontario,Men,Always,53.9,3577,2024-07-01
Ontario,Men,Always,53,3541,2024-10-01
Ontario,Men,Always,54.9,3723,2025-01-01
Ontario,Men,Always,53,3601,2025-04-01
Ontario,Men,Sometimes,27.6,1661,2021-07-01
Ontario,Men,Sometimes,28.7,1746,2021-10-01
Ontario,Men,Sometimes,29.9,1834,2022-01-01
Ontario,Men,Sometimes,28.5,1737,2022-04-01
Ontario,Men,Sometimes,30.8,1907,2022-07-01
Ontario,Men,Sometimes,31.9,1990,2022-10-01
Ontario,Men,Sometimes,31.6,1979,2023-04-01
Ontario,Men,Sometimes,31.5,2031,2024-01-01
Ontario,Men,Sometimes,37.2,2433,2024-04-01
Ontario,Men,Sometimes,32.8,2177,2024-07-01
Ontario,Men,Sometimes,32,2137,2024-10-01
Ontario,Men,Sometimes,32.2,2182,2025-01-01
Ontario,Men,Sometimes,33.5,2278,2025-04-01
Ontario,Men,Rarely,9.2,556,2021-07-01
Ontario,Men,Rarely,10.5,640,2021-10-01
Ontario,Men,Rarely,8.3,511,2022-01-01
Ontario,Men,Rarely,11.8,719,2022-04-01
Ontario,Men,Rarely,10.2,632,2022-07-01
Ontario,Men,Rarely,14.9,929,2022-10-01
Ontario,Men,Rarely,15.5,974,2023-04-01
Ontario,Men,Rarely,10.8,698,2024-01-01
Ontario,Men,Rarely,15.6,1022,2024-04-01
Ontario,Men,Rarely,13.3,881,2024-07-01
Ontario,Men,Rarely,15.1,1008,2024-10-01
Ontario,Men,Rarely,12.9,874,2025-01-01
Ontario,Men,Rarely,13.5,915,2025-04-01
Ontario,Women,Always,63,3935,2021-07-01
Ontario,Women,Always,61.9,3890,2021-10-01
Ontario,Women,Always,61.8,3905,2022-01-01
Ontario,Women,Always,60.8,3880,2022-04-01
Ontario,Women,Always,63.9,4067,2022-07-01
Ontario,Women,Always,53.5,3392,2022-10-01
Ontario,Women,Always,55,3524,2023-04-01
Ontario,Women,Always,57.4,3794,2024-01-01
Ontario,Women,Always,50.3,3352,2024-04-01
Ontario,Women,Always,56.9,3834,2024-07-01
Ontario,Women,Always,55.5,3776,2024-10-01
Ontario,Women,Always,54.7,3760,2025-01-01
Ontario,Women,Always,53.9,3707,2025-04-01
Ontario,Women,Sometimes,30.4,1900,2021-07-01
Ontario,Women,Sometimes,30.6,1923,2021-10-01
Ontario,Women,Sometimes,30.3,1917,2022-01-01
Ontario,Women,Sometimes,30.8,1967,2022-04-01
Ontario,Women,Sometimes,30.2,1924,2022-07-01
Ontario,Women,Sometimes,36.7,2331,2022-10-01
Ontario,Women,Sometimes,33.6,2151,2023-04-01
Ontario,Women,Sometimes,32.6,2152,2024-01-01
Ontario,Women,Sometimes,35.3,2353,2024-04-01
Ontario,Women,Sometimes,30.7,2067,2024-07-01
Ontario,Women,Sometimes,32.6,2214,2024-10-01
Ontario,Women,Sometimes,31.4,2162,2025-01-01
Ontario,Women,Sometimes,34.6,2380,2025-04-01
Ontario,Women,Rarely,6.5,409,2021-07-01
Ontario,Women,Rarely,7.5,471,2021-10-01
Ontario,Women,Rarely,7.9,497,2022-01-01
Ontario,Women,Rarely,8.4,533,2022-04-01
Ontario,Women,Rarely,5.8,370,2022-07-01
Ontario,Women,Rarely,9.8,622,2022-10-01
Ontario,Women,Rarely,11.4,729,2023-04-01
Ontario,Women,Rarely,10.1,665,2024-01-01
Ontario,Women,Rarely,14.4,963,2024-04-01
Ontario,Women,Rarely,12.4,834,2024-07-01
Ontario,Women,Rarely,11.9,811,2024-10-01
Ontario,Women,Rarely,13.9,958,2025-01-01
Ontario,Women,Rarely,11.5,790,2025-04-01
Manitoba,Total,Always,66.8,701,2021-07-01
Manitoba,Total,Always,63.7,671,2021-10-01
Manitoba,Total,Always,63.1,668,2022-01-01
Manitoba,Total,Always,62.6,663,2022-04-01
Manitoba,Total,Always,65.4,699,2022-07-01
Manitoba,Total,Always,57.9,622,2022-10-01
Manitoba,Total,Always,60.6,657,2023-04-01
Manitoba,Total,Always,60.6,672,2024-01-01
Manitoba,Total,Always,54,603,2024-04-01
Manitoba,Total,Always,60.3,684,2024-07-01
Manitoba,Total,Always,62.3,710,2024-10-01
Manitoba,Total,Always,59.2,690,2025-01-01
Manitoba,Total,Always,57.5,675,2025-04-01
Manitoba,Total,Sometimes,27.3,287,2021-07-01
Manitoba,Total,Sometimes,28.2,297,2021-10-01
Manitoba,Total,Sometimes,28.4,300,2022-01-01
Manitoba,Total,Sometimes,30.7,325,2022-04-01
Manitoba,Total,Sometimes,28.3,303,2022-07-01
Manitoba,Total,Sometimes,30.8,330,2022-10-01
Manitoba,Total,Sometimes,28.1,305,2023-04-01
Manitoba,Total,Sometimes,30.1,333,2024-01-01
Manitoba,Total,Sometimes,31.1,348,2024-04-01
Manitoba,Total,Sometimes,26.4,299,2024-07-01
Manitoba,Total,Sometimes,27,307,2024-10-01
Manitoba,Total,Sometimes,33.6,393,2025-01-01
Manitoba,Total,Sometimes,32,376,2025-04-01
Manitoba,Total,Rarely,5.9,NA,2021-07-01
Manitoba,Total,Rarely,8.1,NA,2021-10-01
Manitoba,Total,Rarely,8.5,NA,2022-01-01
Manitoba,Total,Rarely,6.7,NA,2022-04-01
Manitoba,Total,Rarely,6.3,NA,2022-07-01
Manitoba,Total,Rarely,11.3,NA,2022-10-01
Manitoba,Total,Rarely,11.3,NA,2023-04-01
Manitoba,Total,Rarely,9.3,104,2024-01-01
Manitoba,Total,Rarely,14.9,167,2024-04-01
Manitoba,Total,Rarely,13.3,151,2024-07-01
Manitoba,Total,Rarely,10.8,123,2024-10-01
Manitoba,Total,Rarely,7.2,NA,2025-01-01
Manitoba,Total,Rarely,10.6,NA,2025-04-01
Manitoba,Men,Always,66.8,345,2021-07-01
Manitoba,Men,Always,58.5,311,2021-10-01
Manitoba,Men,Always,60.3,318,2022-01-01
Manitoba,Men,Always,60,316,2022-04-01
Manitoba,Men,Always,65.5,348,2022-07-01
Manitoba,Men,Always,52.3,282,2022-10-01
Manitoba,Men,Always,60.9,331,2023-04-01
Manitoba,Men,Always,57.5,320,2024-01-01
Manitoba,Men,Always,46.9,266,2024-04-01
Manitoba,Men,Always,58,330,2024-07-01
Manitoba,Men,Always,65.9,373,2024-10-01
Manitoba,Men,Always,52.7,309,2025-01-01
Manitoba,Men,Always,53.3,316,2025-04-01
Manitoba,Men,Sometimes,26.1,135,2021-07-01
Manitoba,Men,Sometimes,30.6,162,2021-10-01
Manitoba,Men,Sometimes,30.1,159,2022-01-01
Manitoba,Men,Sometimes,32,168,2022-04-01
Manitoba,Men,Sometimes,27.8,147,2022-07-01
Manitoba,Men,Sometimes,32.6,176,2022-10-01
Manitoba,Men,Sometimes,24.8,NA,2023-04-01
Manitoba,Men,Sometimes,32.3,180,2024-01-01
Manitoba,Men,Sometimes,33.7,191,2024-04-01
Manitoba,Men,Sometimes,26.4,150,2024-07-01
Manitoba,Men,Sometimes,23.4,133,2024-10-01
Manitoba,Men,Sometimes,39.4,231,2025-01-01
Manitoba,Men,Sometimes,34.4,204,2025-04-01
Manitoba,Men,Rarely,7.1,NA,2021-07-01
Manitoba,Men,Rarely,11,NA,2021-10-01
Manitoba,Men,Rarely,9.6,NA,2022-01-01
Manitoba,Men,Rarely,8,NA,2022-04-01
Manitoba,Men,Rarely,6.7,NA,2022-07-01
Manitoba,Men,Rarely,15.1,NA,2022-10-01
Manitoba,Men,Rarely,14.2,NA,2023-04-01
Manitoba,Men,Rarely,10.2,NA,2024-01-01
Manitoba,Men,Rarely,19.5,NA,2024-04-01
Manitoba,Men,Rarely,15.6,NA,2024-07-01
Manitoba,Men,Rarely,10.7,NA,2024-10-01
Manitoba,Men,Rarely,7.9,NA,2025-01-01
Manitoba,Men,Rarely,12.3,NA,2025-04-01
Manitoba,Women,Always,66.8,356,2021-07-01
Manitoba,Women,Always,69.1,361,2021-10-01
Manitoba,Women,Always,65.9,350,2022-01-01
Manitoba,Women,Always,65.1,346,2022-04-01
Manitoba,Women,Always,65.3,351,2022-07-01
Manitoba,Women,Always,63.7,340,2022-10-01
Manitoba,Women,Always,60.3,325,2023-04-01
Manitoba,Women,Always,63.8,352,2024-01-01
Manitoba,Women,Always,61.3,337,2024-04-01
Manitoba,Women,Always,62.6,354,2024-07-01
Manitoba,Women,Always,58.7,337,2024-10-01
Manitoba,Women,Always,65.6,381,2025-01-01
Manitoba,Women,Always,61.7,359,2025-04-01
Manitoba,Women,Sometimes,28.5,152,2021-07-01
Manitoba,Women,Sometimes,25.7,134,2021-10-01
Manitoba,Women,Sometimes,26.6,141,2022-01-01
Manitoba,Women,Sometimes,29.4,157,2022-04-01
Manitoba,Women,Sometimes,28.9,155,2022-07-01
Manitoba,Women,Sometimes,28.9,154,2022-10-01
Manitoba,Women,Sometimes,31.5,170,2023-04-01
Manitoba,Women,Sometimes,27.8,153,2024-01-01
Manitoba,Women,Sometimes,28.5,157,2024-04-01
Manitoba,Women,Sometimes,26.3,149,2024-07-01
Manitoba,Women,Sometimes,30.5,175,2024-10-01
Manitoba,Women,Sometimes,27.8,162,2025-01-01
Manitoba,Women,Sometimes,29.5,172,2025-04-01
Manitoba,Women,Rarely,4.7,NA,2021-07-01
Manitoba,Women,Rarely,5.2,NA,2021-10-01
Manitoba,Women,Rarely,7.5,NA,2022-01-01
Manitoba,Women,Rarely,5.5,NA,2022-04-01
Manitoba,Women,Rarely,5.8,NA,2022-07-01
Manitoba,Women,Rarely,7.4,NA,2022-10-01
Manitoba,Women,Rarely,8.3,NA,2023-04-01
Manitoba,Women,Rarely,8.5,NA,2024-01-01
Manitoba,Women,Rarely,10.3,NA,2024-04-01
Manitoba,Women,Rarely,11.1,NA,2024-07-01
Manitoba,Women,Rarely,10.8,NA,2024-10-01
Manitoba,Women,Rarely,6.5,NA,2025-01-01
Manitoba,Women,Rarely,8.8,NA,2025-04-01
Saskatchewan,Total,Always,66.4,584,2021-07-01
Saskatchewan,Total,Always,67.8,590,2021-10-01
Saskatchewan,Total,Always,61.8,552,2022-01-01
Saskatchewan,Total,Always,65.9,591,2022-04-01
Saskatchewan,Total,Always,63.2,570,2022-07-01
Saskatchewan,Total,Always,59.4,539,2022-10-01
Saskatchewan,Total,Always,53.5,489,2023-04-01
Saskatchewan,Total,Always,61,573,2024-01-01
Saskatchewan,Total,Always,54.7,518,2024-04-01
Saskatchewan,Total,Always,58.7,562,2024-07-01
Saskatchewan,Total,Always,58.5,561,2024-10-01
Saskatchewan,Total,Always,60.3,579,2025-01-01
Saskatchewan,Total,Always,52.6,506,2025-04-01
Saskatchewan,Total,Sometimes,25.7,226,2021-07-01
Saskatchewan,Total,Sometimes,25.8,225,2021-10-01
Saskatchewan,Total,Sometimes,32.7,292,2022-01-01
Saskatchewan,Total,Sometimes,25.3,226,2022-04-01
Saskatchewan,Total,Sometimes,28.1,253,2022-07-01
Saskatchewan,Total,Sometimes,33.3,303,2022-10-01
Saskatchewan,Total,Sometimes,32.5,297,2023-04-01
Saskatchewan,Total,Sometimes,28,263,2024-01-01
Saskatchewan,Total,Sometimes,33.8,319,2024-04-01
Saskatchewan,Total,Sometimes,29.4,281,2024-07-01
Saskatchewan,Total,Sometimes,29.5,283,2024-10-01
Saskatchewan,Total,Sometimes,27.7,266,2025-01-01
Saskatchewan,Total,Sometimes,35.9,346,2025-04-01
Saskatchewan,Total,Rarely,7.9,NA,2021-07-01
Saskatchewan,Total,Rarely,6.4,NA,2021-10-01
Saskatchewan,Total,Rarely,5.5,NA,2022-01-01
Saskatchewan,Total,Rarely,8.8,NA,2022-04-01
Saskatchewan,Total,Rarely,8.7,NA,2022-07-01
Saskatchewan,Total,Rarely,7.3,NA,2022-10-01
Saskatchewan,Total,Rarely,14.1,129,2023-04-01
Saskatchewan,Total,Rarely,10.9,103,2024-01-01
Saskatchewan,Total,Rarely,11.5,109,2024-04-01
Saskatchewan,Total,Rarely,11.9,NA,2024-07-01
Saskatchewan,Total,Rarely,12,NA,2024-10-01
Saskatchewan,Total,Rarely,12,NA,2025-01-01
Saskatchewan,Total,Rarely,11.5,NA,2025-04-01
Saskatchewan,Men,Always,66.9,297,2021-07-01
Saskatchewan,Men,Always,68.8,299,2021-10-01
Saskatchewan,Men,Always,58.9,257,2022-01-01
Saskatchewan,Men,Always,64.5,293,2022-04-01
Saskatchewan,Men,Always,57.4,252,2022-07-01
Saskatchewan,Men,Always,57.6,263,2022-10-01
Saskatchewan,Men,Always,54.2,251,2023-04-01
Saskatchewan,Men,Always,56.4,270,2024-01-01
Saskatchewan,Men,Always,49.9,238,2024-04-01
Saskatchewan,Men,Always,54,260,2024-07-01
Saskatchewan,Men,Always,53.9,271,2024-10-01
Saskatchewan,Men,Always,55.3,266,2025-01-01
Saskatchewan,Men,Always,49.4,239,2025-04-01
Saskatchewan,Men,Sometimes,26.8,119,2021-07-01
Saskatchewan,Men,Sometimes,24.6,107,2021-10-01
Saskatchewan,Men,Sometimes,34.3,150,2022-01-01
Saskatchewan,Men,Sometimes,28.9,131,2022-04-01
Saskatchewan,Men,Sometimes,30.3,133,2022-07-01
Saskatchewan,Men,Sometimes,33.4,152,2022-10-01
Saskatchewan,Men,Sometimes,30.3,140,2023-04-01
Saskatchewan,Men,Sometimes,30.3,145,2024-01-01
Saskatchewan,Men,Sometimes,38.5,184,2024-04-01
Saskatchewan,Men,Sometimes,33.1,160,2024-07-01
Saskatchewan,Men,Sometimes,33.2,167,2024-10-01
Saskatchewan,Men,Sometimes,29,140,2025-01-01
Saskatchewan,Men,Sometimes,34.9,169,2025-04-01
Saskatchewan,Men,Rarely,6.3,NA,2021-07-01
Saskatchewan,Men,Rarely,6.7,NA,2021-10-01
Saskatchewan,Men,Rarely,6.8,NA,2022-01-01
Saskatchewan,Men,Rarely,6.6,NA,2022-04-01
Saskatchewan,Men,Rarely,12.3,NA,2022-07-01
Saskatchewan,Men,Rarely,9,NA,2022-10-01
Saskatchewan,Men,Rarely,15.5,NA,2023-04-01
Saskatchewan,Men,Rarely,13.2,NA,2024-01-01
Saskatchewan,Men,Rarely,11.6,NA,2024-04-01
Saskatchewan,Men,Rarely,12.9,NA,2024-07-01
Saskatchewan,Men,Rarely,12.9,NA,2024-10-01
Saskatchewan,Men,Rarely,15.6,NA,2025-01-01
Saskatchewan,Men,Rarely,15.7,NA,2025-04-01
Saskatchewan,Women,Always,65.9,287,2021-07-01
Saskatchewan,Women,Always,66.8,291,2021-10-01
Saskatchewan,Women,Always,64.5,295,2022-01-01
Saskatchewan,Women,Always,67.4,297,2022-04-01
Saskatchewan,Women,Always,68.7,319,2022-07-01
Saskatchewan,Women,Always,61.2,277,2022-10-01
Saskatchewan,Women,Always,52.7,238,2023-04-01
Saskatchewan,Women,Always,65.8,302,2024-01-01
Saskatchewan,Women,Always,59.7,279,2024-04-01
Saskatchewan,Women,Always,63.5,302,2024-07-01
Saskatchewan,Women,Always,63.5,290,2024-10-01
Saskatchewan,Women,Always,65.2,312,2025-01-01
Saskatchewan,Women,Always,55.9,267,2025-04-01
Saskatchewan,Women,Sometimes,24.5,107,2021-07-01
Saskatchewan,Women,Sometimes,27,118,2021-10-01
Saskatchewan,Women,Sometimes,31.2,143,2022-01-01
Saskatchewan,Women,Sometimes,21.5,95,2022-04-01
Saskatchewan,Women,Sometimes,26,121,2022-07-01
Saskatchewan,Women,Sometimes,33.2,150,2022-10-01
Saskatchewan,Women,Sometimes,34.7,157,2023-04-01
Saskatchewan,Women,Sometimes,25.7,118,2024-01-01
Saskatchewan,Women,Sometimes,29,136,2024-04-01
Saskatchewan,Women,Sometimes,25.6,122,2024-07-01
Saskatchewan,Women,Sometimes,25.4,NA,2024-10-01
Saskatchewan,Women,Sometimes,26.4,127,2025-01-01
Saskatchewan,Women,Sometimes,36.9,176,2025-04-01
Saskatchewan,Women,Rarely,9.6,NA,2021-07-01
Saskatchewan,Women,Rarely,6.2,NA,2021-10-01
Saskatchewan,Women,Rarely,4.3,NA,2022-01-01
Saskatchewan,Women,Rarely,11,NA,2022-04-01
Saskatchewan,Women,Rarely,5.3,NA,2022-07-01
Saskatchewan,Women,Rarely,5.6,NA,2022-10-01
Saskatchewan,Women,Rarely,12.6,NA,2023-04-01
Saskatchewan,Women,Rarely,8.5,NA,2024-01-01
Saskatchewan,Women,Rarely,11.4,NA,2024-04-01
Saskatchewan,Women,Rarely,10.8,NA,2024-07-01
Saskatchewan,Women,Rarely,11.1,NA,2024-10-01
Saskatchewan,Women,Rarely,8.4,NA,2025-01-01
Saskatchewan,Women,Rarely,7.3,NA,2025-04-01
Alberta,Total,Always,61.9,2186,2021-07-01
Alberta,Total,Always,60.9,2156,2021-10-01
Alberta,Total,Always,64.7,2309,2022-01-01
Alberta,Total,Always,61.4,2209,2022-04-01
Alberta,Total,Always,63.1,2285,2022-07-01
Alberta,Total,Always,58,2115,2022-10-01
Alberta,Total,Always,52.1,1934,2023-04-01
Alberta,Total,Always,59,2275,2024-01-01
Alberta,Total,Always,49.2,1924,2024-04-01
Alberta,Total,Always,55.2,2186,2024-07-01
Alberta,Total,Always,51.5,2059,2024-10-01
Alberta,Total,Always,55.6,2230,2025-01-01
Alberta,Total,Always,53.2,2149,2025-04-01
Alberta,Total,Sometimes,27.7,980,2021-07-01
Alberta,Total,Sometimes,27.9,988,2021-10-01
Alberta,Total,Sometimes,27.6,984,2022-01-01
Alberta,Total,Sometimes,27.4,984,2022-04-01
Alberta,Total,Sometimes,30.3,1098,2022-07-01
Alberta,Total,Sometimes,30.7,1118,2022-10-01
Alberta,Total,Sometimes,31.1,1154,2023-04-01
Alberta,Total,Sometimes,29,1119,2024-01-01
Alberta,Total,Sometimes,36.6,1431,2024-04-01
Alberta,Total,Sometimes,31.9,1265,2024-07-01
Alberta,Total,Sometimes,33.7,1350,2024-10-01
Alberta,Total,Sometimes,32.6,1308,2025-01-01
Alberta,Total,Sometimes,32.9,1329,2025-04-01
Alberta,Total,Rarely,10.4,366,2021-07-01
Alberta,Total,Rarely,11.2,397,2021-10-01
Alberta,Total,Rarely,7.7,276,2022-01-01
Alberta,Total,Rarely,11.2,402,2022-04-01
Alberta,Total,Rarely,6.6,241,2022-07-01
Alberta,Total,Rarely,11.3,412,2022-10-01
Alberta,Total,Rarely,16.8,623,2023-04-01
Alberta,Total,Rarely,12,463,2024-01-01
Alberta,Total,Rarely,14.2,554,2024-04-01
Alberta,Total,Rarely,12.9,512,2024-07-01
Alberta,Total,Rarely,14.8,592,2024-10-01
Alberta,Total,Rarely,11.7,471,2025-01-01
Alberta,Total,Rarely,13.9,560,2025-04-01
Alberta,Men,Always,59.4,1049,2021-07-01
Alberta,Men,Always,62.2,1102,2021-10-01
Alberta,Men,Always,63.4,1130,2022-01-01
Alberta,Men,Always,61,1095,2022-04-01
Alberta,Men,Always,62.6,1132,2022-07-01
Alberta,Men,Always,51.2,930,2022-10-01
Alberta,Men,Always,48.8,902,2023-04-01
Alberta,Men,Always,58.5,1133,2024-01-01
Alberta,Men,Always,46.2,923,2024-04-01
Alberta,Men,Always,55.5,1100,2024-07-01
Alberta,Men,Always,48,963,2024-10-01
Alberta,Men,Always,53.1,1067,2025-01-01
Alberta,Men,Always,53.3,1075,2025-04-01
Alberta,Men,Sometimes,26.9,474,2021-07-01
Alberta,Men,Sometimes,24.8,440,2021-10-01
Alberta,Men,Sometimes,27.5,491,2022-01-01
Alberta,Men,Sometimes,24.1,433,2022-04-01
Alberta,Men,Sometimes,28.2,511,2022-07-01
Alberta,Men,Sometimes,34.8,632,2022-10-01
Alberta,Men,Sometimes,34,628,2023-04-01
Alberta,Men,Sometimes,27.3,527,2024-01-01
Alberta,Men,Sometimes,37.8,755,2024-04-01
Alberta,Men,Sometimes,28.9,572,2024-07-01
Alberta,Men,Sometimes,33.2,666,2024-10-01
Alberta,Men,Sometimes,32.2,648,2025-01-01
Alberta,Men,Sometimes,31.9,644,2025-04-01
Alberta,Men,Rarely,13.7,NA,2021-07-01
Alberta,Men,Rarely,12.9,NA,2021-10-01
Alberta,Men,Rarely,9.1,NA,2022-01-01
Alberta,Men,Rarely,14.9,NA,2022-04-01
Alberta,Men,Rarely,9.1,NA,2022-07-01
Alberta,Men,Rarely,13.9,NA,2022-10-01
Alberta,Men,Rarely,17.2,318,2023-04-01
Alberta,Men,Rarely,14.2,275,2024-01-01
Alberta,Men,Rarely,15.9,318,2024-04-01
Alberta,Men,Rarely,15.6,308,2024-07-01
Alberta,Men,Rarely,18.8,378,2024-10-01
Alberta,Men,Rarely,14.6,NA,2025-01-01
Alberta,Men,Rarely,14.9,300,2025-04-01
Alberta,Women,Always,64.4,1138,2021-07-01
Alberta,Women,Always,59.5,1053,2021-10-01
Alberta,Women,Always,66,1180,2022-01-01
Alberta,Women,Always,61.9,1113,2022-04-01
Alberta,Women,Always,63.5,1153,2022-07-01
Alberta,Women,Always,64.8,1185,2022-10-01
Alberta,Women,Always,55.4,1032,2023-04-01
Alberta,Women,Always,59.4,1143,2024-01-01
Alberta,Women,Always,52.3,1001,2024-04-01
Alberta,Women,Always,54.8,1086,2024-07-01
Alberta,Women,Always,55,1096,2024-10-01
Alberta,Women,Always,58.2,1163,2025-01-01
Alberta,Women,Always,53.2,1074,2025-04-01
Alberta,Women,Sometimes,28.6,505,2021-07-01
Alberta,Women,Sometimes,31,548,2021-10-01
Alberta,Women,Sometimes,27.6,494,2022-01-01
Alberta,Women,Sometimes,30.6,551,2022-04-01
Alberta,Women,Sometimes,32.4,588,2022-07-01
Alberta,Women,Sometimes,26.5,486,2022-10-01
Alberta,Women,Sometimes,28.2,526,2023-04-01
Alberta,Women,Sometimes,30.8,592,2024-01-01
Alberta,Women,Sometimes,35.3,675,2024-04-01
Alberta,Women,Sometimes,34.9,693,2024-07-01
Alberta,Women,Sometimes,34.3,684,2024-10-01
Alberta,Women,Sometimes,33,661,2025-01-01
Alberta,Women,Sometimes,33.9,686,2025-04-01
Alberta,Women,Rarely,7,NA,2021-07-01
Alberta,Women,Rarely,9.5,NA,2021-10-01
Alberta,Women,Rarely,6.4,NA,2022-01-01
Alberta,Women,Rarely,7.5,NA,2022-04-01
Alberta,Women,Rarely,4.2,NA,2022-07-01
Alberta,Women,Rarely,8.7,NA,2022-10-01
Alberta,Women,Rarely,16.4,NA,2023-04-01
Alberta,Women,Rarely,9.8,188,2024-01-01
Alberta,Women,Rarely,12.3,236,2024-04-01
Alberta,Women,Rarely,10.3,NA,2024-07-01
Alberta,Women,Rarely,10.7,NA,2024-10-01
Alberta,Women,Rarely,8.8,NA,2025-01-01
Alberta,Women,Rarely,12.9,NA,2025-04-01
British_Columbia,Total,Always,64.9,2825,2021-07-01
British_Columbia,Total,Always,59.4,2604,2021-10-01
British_Columbia,Total,Always,60.2,2649,2022-01-01
British_Columbia,Total,Always,58.2,2575,2022-04-01
British_Columbia,Total,Always,61.6,2728,2022-07-01
British_Columbia,Total,Always,54.1,2404,2022-10-01
British_Columbia,Total,Always,54.4,2437,2023-04-01
British_Columbia,Total,Always,57.9,2662,2024-01-01
British_Columbia,Total,Always,54.9,2549,2024-04-01
British_Columbia,Total,Always,53.5,2507,2024-07-01
British_Columbia,Total,Always,53.6,2535,2024-10-01
British_Columbia,Total,Always,54.7,2631,2025-01-01
British_Columbia,Total,Always,53.7,2600,2025-04-01
British_Columbia,Total,Sometimes,26.9,1171,2021-07-01
British_Columbia,Total,Sometimes,30.8,1349,2021-10-01
British_Columbia,Total,Sometimes,30.7,1351,2022-01-01
British_Columbia,Total,Sometimes,32.5,1438,2022-04-01
British_Columbia,Total,Sometimes,27.1,1201,2022-07-01
British_Columbia,Total,Sometimes,31.9,1418,2022-10-01
British_Columbia,Total,Sometimes,29.9,1341,2023-04-01
British_Columbia,Total,Sometimes,33.4,1536,2024-01-01
British_Columbia,Total,Sometimes,32.4,1504,2024-04-01
British_Columbia,Total,Sometimes,29.9,1399,2024-07-01
British_Columbia,Total,Sometimes,32.9,1554,2024-10-01
British_Columbia,Total,Sometimes,33.1,1593,2025-01-01
British_Columbia,Total,Sometimes,31.7,1531,2025-04-01
British_Columbia,Total,Rarely,8.2,357,2021-07-01
British_Columbia,Total,Rarely,9.8,430,2021-10-01
British_Columbia,Total,Rarely,9.2,404,2022-01-01
British_Columbia,Total,Rarely,9.2,408,2022-04-01
British_Columbia,Total,Rarely,11.2,498,2022-07-01
British_Columbia,Total,Rarely,14,623,2022-10-01
British_Columbia,Total,Rarely,15.7,705,2023-04-01
British_Columbia,Total,Rarely,8.8,402,2024-01-01
British_Columbia,Total,Rarely,12.7,589,2024-04-01
British_Columbia,Total,Rarely,16.6,777,2024-07-01
British_Columbia,Total,Rarely,13.5,638,2024-10-01
British_Columbia,Total,Rarely,12.1,584,2025-01-01
British_Columbia,Total,Rarely,14.6,706,2025-04-01
British_Columbia,Men,Always,65,1383,2021-07-01
British_Columbia,Men,Always,55.8,1208,2021-10-01
British_Columbia,Men,Always,59.1,1270,2022-01-01
British_Columbia,Men,Always,59.9,1300,2022-04-01
British_Columbia,Men,Always,60.7,1338,2022-07-01
British_Columbia,Men,Always,51.5,1120,2022-10-01
British_Columbia,Men,Always,52.4,1157,2023-04-01
British_Columbia,Men,Always,57.6,1292,2024-01-01
British_Columbia,Men,Always,52.7,1206,2024-04-01
British_Columbia,Men,Always,52.3,1210,2024-07-01
British_Columbia,Men,Always,50.9,1195,2024-10-01
British_Columbia,Men,Always,51,1211,2025-01-01
British_Columbia,Men,Always,50.8,1212,2025-04-01
British_Columbia,Men,Sometimes,26.6,566,2021-07-01
British_Columbia,Men,Sometimes,32.3,698,2021-10-01
British_Columbia,Men,Sometimes,30.1,648,2022-01-01
British_Columbia,Men,Sometimes,31,673,2022-04-01
British_Columbia,Men,Sometimes,28.5,628,2022-07-01
British_Columbia,Men,Sometimes,32.5,708,2022-10-01
British_Columbia,Men,Sometimes,29.5,651,2023-04-01
British_Columbia,Men,Sometimes,32.3,725,2024-01-01
British_Columbia,Men,Sometimes,31.5,722,2024-04-01
British_Columbia,Men,Sometimes,28.3,654,2024-07-01
British_Columbia,Men,Sometimes,34.4,806,2024-10-01
British_Columbia,Men,Sometimes,37.2,883,2025-01-01
British_Columbia,Men,Sometimes,31,738,2025-04-01
British_Columbia,Men,Rarely,8.3,NA,2021-07-01
British_Columbia,Men,Rarely,11.9,NA,2021-10-01
British_Columbia,Men,Rarely,10.8,NA,2022-01-01
British_Columbia,Men,Rarely,9.1,NA,2022-04-01
British_Columbia,Men,Rarely,10.8,NA,2022-07-01
British_Columbia,Men,Rarely,16,349,2022-10-01
British_Columbia,Men,Rarely,18.1,400,2023-04-01
British_Columbia,Men,Rarely,10.1,227,2024-01-01
British_Columbia,Men,Rarely,15.8,362,2024-04-01
British_Columbia,Men,Rarely,19.5,451,2024-07-01
British_Columbia,Men,Rarely,14.7,344,2024-10-01
British_Columbia,Men,Rarely,11.8,NA,2025-01-01
British_Columbia,Men,Rarely,18.2,435,2025-04-01
British_Columbia,Women,Always,64.8,1441,2021-07-01
British_Columbia,Women,Always,62.9,1396,2021-10-01
British_Columbia,Women,Always,61.2,1378,2022-01-01
British_Columbia,Women,Always,56.6,1275,2022-04-01
British_Columbia,Women,Always,62.5,1390,2022-07-01
British_Columbia,Women,Always,56.6,1284,2022-10-01
British_Columbia,Women,Always,56.3,1280,2023-04-01
British_Columbia,Women,Always,58.1,1370,2024-01-01
British_Columbia,Women,Always,57.1,1343,2024-04-01
British_Columbia,Women,Always,54.8,1297,2024-07-01
British_Columbia,Women,Always,56.3,1340,2024-10-01
British_Columbia,Women,Always,58.4,1420,2025-01-01
British_Columbia,Women,Always,56.6,1387,2025-04-01
British_Columbia,Women,Sometimes,27.2,605,2021-07-01
British_Columbia,Women,Sometimes,29.3,651,2021-10-01
British_Columbia,Women,Sometimes,31.2,702,2022-01-01
British_Columbia,Women,Sometimes,34,765,2022-04-01
British_Columbia,Women,Sometimes,25.8,573,2022-07-01
British_Columbia,Women,Sometimes,31.3,710,2022-10-01
British_Columbia,Women,Sometimes,30.3,690,2023-04-01
British_Columbia,Women,Sometimes,34.4,811,2024-01-01
British_Columbia,Women,Sometimes,33.2,782,2024-04-01
British_Columbia,Women,Sometimes,31.5,745,2024-07-01
British_Columbia,Women,Sometimes,31.4,747,2024-10-01
British_Columbia,Women,Sometimes,29.1,709,2025-01-01
British_Columbia,Women,Sometimes,32.3,793,2025-04-01
British_Columbia,Women,Rarely,8.1,NA,2021-07-01
British_Columbia,Women,Rarely,7.7,NA,2021-10-01
British_Columbia,Women,Rarely,7.6,NA,2022-01-01
British_Columbia,Women,Rarely,9.4,211,2022-04-01
British_Columbia,Women,Rarely,11.6,NA,2022-07-01
British_Columbia,Women,Rarely,12.1,274,2022-10-01
British_Columbia,Women,Rarely,13.4,NA,2023-04-01
British_Columbia,Women,Rarely,7.5,NA,2024-01-01
British_Columbia,Women,Rarely,9.6,NA,2024-04-01
British_Columbia,Women,Rarely,13.8,326,2024-07-01
British_Columbia,Women,Rarely,12.3,NA,2024-10-01
British_Columbia,Women,Rarely,12.5,NA,2025-01-01
British_Columbia,Women,Rarely,11.1,271,2025-04-01
